世界怪闻录,自然科学科普读物
破解科学统一之谜,自然科学科普读物
中国青少年百科全书神奇航天百科,自然科学科普读物
大象睡觉时鼻子搁在哪里,自然科学科普读物
科学名家讲座第辑,自然科学科普读物
电磁学知识漫谈,自然科学科普读物
科学万花筒天文、地理分册,自然科学科普读物
我们怎样发现了南极洲,自然科学科普读物
无缝天衣,自然科学科普读物
青少年最应了解的自然奥秘,自然科学科普读物
发现之旅探索中的未解之谜,自然科学科普读物
科技故事彩绘版,自然科学科普读物
探索未知生活物理现象解读,自然科学科普读物
自然的奇趣,自然科学科普读物
科普大讲坛从进化论到能源未来,自然科学科普读物
青少年最想知道的个未解之谜带你踏入瑰丽奇异的神秘世界,自然科学科普读物
科学天上,自然科学科普读物
农业科技知识,自然科学科普读物
自然物质的变化揭示生命、地球、宇宙奥秘,自然科学科普读物
金钥匙少年科普报十年选粹,自然科学科普读物
我们爱科技,自然科学科普读物
神奇的大自然,自然科学科普读物
科技走进神奇的纳米世界,自然科学科普读物
小小科学家第辑声音,自然科学科普读物
异域,自然科学科普读物
发明创造之路,自然科学科普读物
似鸟非鸟的蝙蝠,自然科学科普读物
全国电视科普节目稿选,自然科学科普读物
科学万花筒,自然科学科普读物
高科技之窗陈幼松科普作品精选,自然科学科普读物
南极万花筒,自然科学科普读物
宇宙科学知识,自然科学科普读物
怎样获得香的享受,自然科学科普读物
聪明屋第集洗脸的学问,自然科学科普读物
自然奥妙探索,自然科学科普读物
行走零度沿着本初子午线发现宇宙和时间,自然科学科普读物
科普志愿者队伍现状及对策研究,自然科学科普读物
世界趣闻名胜奇观,自然科学科普读物
莫斯科地下铁道,自然科学科普读物
拨开自然界未解的迷雾,自然科学科普读物
祝您健康陈文麟科普文选,自然科学科普读物
探索未知生命化学趣谈,自然科学科普读物
神秘的世界,自然科学科普读物
好好玩科技小常识,自然科学科普读物
信息时代漫游记,自然科学科普读物
新科技知识读本,自然科学科普读物
科普情缘,自然科学科普读物
南国花果鸟,自然科学科普读物
中国科普大奖图书典藏书系第辑探求上帝的秘密从哥白尼到爱因斯坦,自然科学科普读物
动物知识问答第册,自然科学科普读物
探索未知趣说有机化学,自然科学科普读物
漫游科学长廊,自然科学科普读物
奇妙科学自然的奇趣,自然科学科普读物
一笔一笔教你画自然,自然科学科普读物
马德堡半球在我家中生活中的科学,自然科学科普读物
神秘的生命蓝图,自然科学科普读物
谁来解开这些谜,自然科学科普读物
科技天地,自然科学科普读物
科学家谈现代科学技术,自然科学科普读物
世界科普名著第卷、第卷,自然科学科普读物
短平快致富技术例,自然科学科普读物
告诉我为什么走进新生活,自然科学科普读物
他们解答了十万个为什么科普名家系列访谈,自然科学科普读物
探索未知悠久的人文地理,自然科学科普读物
探索未知生活中的各种机械,自然科学科普读物
个发人深省的科学问题,自然科学科普读物
宇宙秘密阿西莫夫谈科学,自然科学科普读物
动物身上的钟表科学小品一集,自然科学科普读物
军事科学知识,自然科学科普读物
探索未知恐龙足迹,自然科学科普读物
历代科学小品选,自然科学科普读物
科学趣话,自然科学科普读物
探索未解奥秘,自然科学科普读物
万物大观园,自然科学科普读物
探索未知数学经典题,自然科学科普读物
世界上最神奇的奥秘,自然科学科普读物
科学与文化之谜丛书寻幽探密古代神奇文化之谜,自然科学科普读物
探索未知中国数学家故事,自然科学科普读物
自然之谜,自然科学科普读物
领导干部科技知识读本,自然科学科普读物
少年之友第辑,自然科学科普读物
千奇百怪的气体,自然科学科普读物
奇妙的科技,自然科学科普读物
茫茫宇宙觅知音,自然科学科普读物
科学的发现元素周期表的故事,自然科学科普读物
小学科学入门物理化学,自然科学科普读物
大谜团,自然科学科普读物
继续探询科学常识题,自然科学科普读物
人体博士,自然科学科普读物
我的收藏寻找大自然的宝藏,自然科学科普读物
高士其科普作品精选,自然科学科普读物
大自然未解之谜,自然科学科普读物
探索未知函数的巧妙运用,自然科学科普读物
崇尚科学破除迷信小学高年级科普读本,自然科学科普读物
人类面临不明现象,自然科学科普读物
动脑筋俱乐部第辑,自然科学科普读物
探险未知领域,自然科学科普读物
地球上要命的个神秘空间,自然科学科普读物
神奇的新技术,自然科学科普读物
神奇的大自然,自然科学科普读物
迷人的珍奇世界,自然科学科普读物
技术的奇迹,自然科学科普读物
我知道你不知道神秘的自然,自然科学科普读物
沧海桑田话北京,自然科学科普读物
绝对神秘档案神秘无限,自然科学科普读物
科技故事,自然科学科普读物
科学的力量科学家推荐的世纪科普佳作上,自然科学科普读物
问与答环宇搜奇,自然科学科普读物
智慧的花朵中外科学普及作品选第集,自然科学科普读物
自然与科学之谜,自然科学科普读物
少年丛林游记上,自然科学科普读物
微观大视野,自然科学科普读物
遨游水世界,自然科学科普读物
探索未知湛蓝浩瀚四大洋,自然科学科普读物
谁是造物主自然界计划和目的新识第版,自然科学科普读物
探索与发现,自然科学科普读物
爸妈必修的堂自然课,自然科学科普读物
谎言与预言,自然科学科普读物
王晋康科幻小说精选卷奔向太阳,自然科学科普读物
科学万花筒生活分册,自然科学科普读物
探索未知中国的名胜古迹,自然科学科普读物
科学疑题,自然科学科普读物
超自然现象,自然科学科普读物
不可思议的大自然现象,自然科学科普读物
自然百科最全集超值白金版,自然科学科普读物
探索未知中国的地理风情,自然科学科普读物
人间趣谈,自然科学科普读物
探测灵魂入门指南,自然科学科普读物
科技三字经插图本,自然科学科普读物
自然之谜我来揭,自然科学科普读物
新十万个为什么有机物无机物,自然科学科普读物
大众科学讲座第集第版,自然科学科普读物
探索未知动物的启示,自然科学科普读物
新疆域关于生命、地球、空间和宇宙的新发现,自然科学科普读物
幼儿千千问红色小问号,自然科学科普读物
我们怎样发现了慧星,自然科学科普读物
一次读完部科普经典,自然科学科普读物
家用电器维修上,自然科学科普读物
探索未知漫谈电化学,自然科学科普读物
探索未知化学与生活,自然科学科普读物
少年科学入门人体、动物和植物,自然科学科普读物
新农民科技知识必读,自然科学科普读物
生命科学知识,自然科学科普读物
百年哈佛给学生的堂趣味科学课,自然科学科普读物
十万个为什么,自然科学科普读物
漫游科学世界,自然科学科普读物
听说你也是博物学家,自然科学科普读物
探索未知化学与废物再利用,自然科学科普读物
进军集,自然科学科普读物
尖锐的科学争论,自然科学科普读物
身边科学小游戏珍藏版,自然科学科普读物
小牛顿科学常识百科,自然科学科普读物
十万个为什么地球史,自然科学科普读物
摄影知识,自然科学科普读物
我们怎样发现了生命的起源,自然科学科普读物
我学自然,自然科学科普读物
探索未知诺贝尔固体物理探索,自然科学科普读物
世界科学未解之谜,自然科学科普读物
培养小发明家的十种方法,自然科学科普读物
科学探索大百科,自然科学科普读物
探索未知生物的种群,自然科学科普读物
当今世界奇观,自然科学科普读物
最新科学指南上,自然科学科普读物
探索未知揭秘不可思议的大自然,自然科学科普读物
大自然日记冬季篇,自然科学科普读物
小游戏大科学彩色图文版,自然科学科普读物
少年科学入门空气和水、声音、光和颜色、化学,自然科学科普读物
科技之谜,自然科学科普读物
诡异的自然破译光怪陆离的大自然奇谜,自然科学科普读物
百年科学话题,自然科学科普读物
太阳,自然科学科普读物
开辟明日的科学丰富生活的科学技术,自然科学科普读物
美丽新视界我们前所未见的视觉极限,自然科学科普读物
冬季学科学,自然科学科普读物
蜡烛的故事,自然科学科普读物
可怕的科学探索,自然科学科普读物
青少年科学知识精粹文库科学创造无限,自然科学科普读物
第一个五年计划中的机器制造工业,自然科学科普读物
个精彩纷呈的科学争论,自然科学科普读物
威力无穷的神光激光技术,自然科学科普读物
防汛知识,自然科学科普读物
解析彩虹科学、虚妄和玄妙的诱惑,自然科学科普读物
探索未知鬼斧神工的名洞,自然科学科普读物
姑娘的考题,自然科学科普读物
波行天下从神经脉冲到登月计划,自然科学科普读物
文科大学生的自然科学修养,自然科学科普读物
失踪神秘的百慕大三角区,自然科学科普读物
世界上最神奇的天地奥秘,自然科学科普读物
五彩缤纷的自然界,自然科学科普读物
黑猫区长菜地破案记,自然科学科普读物
自然大发现,自然科学科普读物
身边的奥秘,自然科学科普读物
十万个未解之谜系列自然之谜,自然科学科普读物
探索未知数学古堡探险,自然科学科普读物
光电控制模型,自然科学科普读物
探索未知中国的地方之最,自然科学科普读物
高新科技,自然科学科普读物
世界未解自然之谜,自然科学科普读物
科学与日常生活,自然科学科普读物
小学生自然百科,自然科学科普读物
余英时学术思想文选,社会科学综合性论文集
广州讲坛演讲录第辑,社会科学综合性论文集
文章观止,社会科学综合性论文集
始有集,社会科学综合性论文集
领导心智,社会科学综合性论文集
秋实集中共石家庄市委党校优秀科研成果选编,社会科学综合性论文集
撬动地球的手影响近代人类社会的十大人文著作,社会科学综合性论文集
秋思集上,社会科学综合性论文集
学术论文集图书馆学，情报学分册,社会科学综合性论文集
与历史同行复旦大学哲学社会科学研究的回顾与展望,社会科学综合性论文集
求索白石文稿选编,社会科学综合性论文集
王庸文存,社会科学综合性论文集
红旗优秀理论文章选,社会科学综合性论文集
岁月留痕朱威烈译作选文学卷,社会科学综合性论文集
一心一意谋发展,社会科学综合性论文集
理论学术研究,社会科学综合性论文集
山东大学文史哲研究专刊微湖山堂丛稿下,社会科学综合性论文集
学鉴第辑,社会科学综合性论文集
带一门学问回中国英国文学的信使王佐良,社会科学综合性论文集
詹安泰文集,社会科学综合性论文集
贵州省哲学社会科学规划课题研究成果选编,社会科学综合性论文集
市场、法治与民主一个经济学家的日常思考,社会科学综合性论文集
学灯第辑,社会科学综合性论文集
东西文化与中国现代化讲演集,社会科学综合性论文集
我存在，我思索杜圣修文集,社会科学综合性论文集
傅斯年罗家伦,社会科学综合性论文集
行走中的言说一个思想背包客的心路历程,社会科学综合性论文集
李何林全集补遗,社会科学综合性论文集
研学之乐,社会科学综合性论文集
进步的信仰,社会科学综合性论文集
郑励志文集,社会科学综合性论文集
热望集刘放文稿选集,社会科学综合性论文集
新背景教师人文读本,社会科学综合性论文集
汝信文集,社会科学综合性论文集
天津市年社会科学课题调研成果选编,社会科学综合性论文集
精神的年轮,社会科学综合性论文集
龙永行学术文选,社会科学综合性论文集
为了学术共同体的尊严,社会科学综合性论文集
吕志涛从小山村走出来的院士,社会科学综合性论文集
智库研究选粹沧州社科研究课题文集,社会科学综合性论文集
进步的常识,社会科学综合性论文集
当代学术论丛第辑,社会科学综合性论文集
中国现代美学名家文丛丰子恺卷,社会科学综合性论文集
人文千秋,社会科学综合性论文集
人文社科论坛,社会科学综合性论文集
外国语言文学与文化论丛第辑,社会科学综合性论文集
新常态新战略论文丛集上,社会科学综合性论文集
不辍集,社会科学综合性论文集
朱光潜读书与做人,社会科学综合性论文集
把中国中国化人文社会科学的近期走向,社会科学综合性论文集
刘节文存,社会科学综合性论文集
中国人文社会科学三十年,社会科学综合性论文集
湖南大学学报社会科学版论文精粹,社会科学综合性论文集
中国学者新世纪学术贡献前沿理论选集下,社会科学综合性论文集
关注,社会科学综合性论文集
理论创新咨询专家文集,社会科学综合性论文集
强国的精神基础社会经济文化漫谈录,社会科学综合性论文集
人文社科论坛第辑,社会科学综合性论文集
浙江人文大讲堂第辑,社会科学综合性论文集
社会科学论丛第卷总第卷,社会科学综合性论文集
文史与社会首届东亚文史与社会研究生论坛文集,社会科学综合性论文集
实证社会科学第卷,社会科学综合性论文集
余昊集,社会科学综合性论文集
李埏文集第卷学术论文,社会科学综合性论文集
散耕集,社会科学综合性论文集
思想的享受,社会科学综合性论文集
甲秀论坛卷,社会科学综合性论文集
外国语言文学与文化论丛,社会科学综合性论文集
闲功夫贺志辉文集,社会科学综合性论文集
东方人文备忘录,社会科学综合性论文集
学问中华文艺复兴论,社会科学综合性论文集
进取集钟少华文存,社会科学综合性论文集
孙起孟文稿选编第卷,社会科学综合性论文集
右任文存,社会科学综合性论文集
海外华人与中国梦,社会科学综合性论文集
裘锡圭学术文集第卷语言文字与古文献卷,社会科学综合性论文集
东陆留记第辑,社会科学综合性论文集
纸上尘历史的表里,社会科学综合性论文集
我的学术生涯学坛所见所闻所知,社会科学综合性论文集
赵俪生文集第卷,社会科学综合性论文集
危机与未来福山中国讲演录,社会科学综合性论文集
生产第八辑,社会科学综合性论文集
学者笔谈第辑,社会科学综合性论文集
陇上学人文存金宝祥卷,社会科学综合性论文集
胡政之文集下,社会科学综合性论文集
晨光文集管理篇,社会科学综合性论文集
往日先锋,社会科学综合性论文集
观点教育,社会科学综合性论文集
明清研究论丛第辑,社会科学综合性论文集
陇上学人文存第辑刘瑞明卷,社会科学综合性论文集
语言文化叙事,社会科学综合性论文集
追求与奉献,社会科学综合性论文集
岁月印痕,社会科学综合性论文集
信任的危机中国当代社会热点问题十三讲,社会科学综合性论文集
沈信卿先生文集,社会科学综合性论文集
名家人文通识课闳约大讲坛集萃,社会科学综合性论文集
孔目湖讲坛录,社会科学综合性论文集
微官真迹踏着父亲的脚印,社会科学综合性论文集
薪火四代上,社会科学综合性论文集
跨越百年时空山东省益都卫生学校年校庆文集,社会科学综合性论文集
相辉文化讲谈第辑,社会科学综合性论文集
中共四川省委党校四川行政学院教授学术文库故纸拂尘,社会科学综合性论文集
实践与记忆,社会科学综合性论文集
何天行文集,社会科学综合性论文集
钟惺评点研究,社会科学综合性论文集
启真专题个人主义,社会科学综合性论文集
高亨文存,社会科学综合性论文集
云龙学术,社会科学综合性论文集
周逸群文集,社会科学综合性论文集
智库的建言,社会科学综合性论文集
名家讲坛第辑,社会科学综合性论文集
浙大东方论坛文集第辑尔听斯聪,社会科学综合性论文集
科学创造和谐天津社会科学界学术年会优秀论文集,社会科学综合性论文集
首届全国艺术院校哲学社会科学发展论坛文集,社会科学综合性论文集
周有光文集第卷汉字改革概论,社会科学综合性论文集
在二十一世纪的地平线上清华人文社科学者展望世纪,社会科学综合性论文集
理论新见,社会科学综合性论文集
实证社会科学第卷,社会科学综合性论文集
文史要览,社会科学综合性论文集
周有光文集第卷语言文字学的新探索世纪的华语和华文,社会科学综合性论文集
黄枬森文集第卷,社会科学综合性论文集
周有光文集第卷朝闻道集,社会科学综合性论文集
东陆学林第辑,社会科学综合性论文集
燕赵讲坛燕赵讲坛文粹,社会科学综合性论文集
张仲实文集第卷译文,社会科学综合性论文集
枫叶知秋,社会科学综合性论文集
色诺芬的品味,社会科学综合性论文集
与俄罗斯人的对话两个世纪社会进化的系统论观点托尔斯泰卷,社会科学综合性论文集
众声喧哗与对话批评,社会科学综合性论文集
映象融合北京上海新锐观与思,社会科学综合性论文集
竞思的声音在宁夏职业技术学院听讲座,社会科学综合性论文集
学术河上乌篷船,社会科学综合性论文集
第五届广西社会科学界学术年会优秀论文集,社会科学综合性论文集
多嘴集,社会科学综合性论文集
刘冰文集,社会科学综合性论文集
中国大学学术讲演录,社会科学综合性论文集
林惠祥文集上,社会科学综合性论文集
大港听潮,社会科学综合性论文集
余墨二集,社会科学综合性论文集
江苏社科名家文库钟甫宁卷,社会科学综合性论文集
程憬文存,社会科学综合性论文集
经济社会转型期的理论与现实问题研究年上海社会科学院博士后论文集,社会科学综合性论文集
文化复兴人文学科的前沿思考,社会科学综合性论文集
嘉兴名人论丛,社会科学综合性论文集
东莞学人文丛罗晃潮集,社会科学综合性论文集
回顾与展望赵瑞芳文集,社会科学综合性论文集
文明就是讲道理,社会科学综合性论文集
中西学术名篇精读赵元任李方桂卷,社会科学综合性论文集
朝花论丛绍兴文理学院人文学院研究生学术论文集,社会科学综合性论文集
周有光文集第卷百岁新稿见闻随笔,社会科学综合性论文集
从通鉴到人权研究我的学术道路,社会科学综合性论文集
百家新论,社会科学综合性论文集
博学笃志切问近思杨福家院士的科学与人文思考,社会科学综合性论文集
树帜文集,社会科学综合性论文集
黄枬森文集第卷,社会科学综合性论文集
梁漱溟文存,社会科学综合性论文集
马采译文集,社会科学综合性论文集
联合国年后全球发展议程研究中国与欧洲的视角,社会科学综合性论文集
当代学人精品茅海建卷,社会科学综合性论文集
秋天的阔叶树,社会科学综合性论文集
西风东土两个世界的挫折,社会科学综合性论文集
西华青年文萃西华大学研究生优秀论文选版,社会科学综合性论文集
董诺尔德文集藏文,社会科学综合性论文集
感悟集,社会科学综合性论文集
立场第辑,社会科学综合性论文集
生命的默化当代社会的古典教育,社会科学综合性论文集
学鉴第辑,社会科学综合性论文集
郑子瑜的学术研究和学术工作,社会科学综合性论文集
实证社会科学第卷,社会科学综合性论文集
文以化人,社会科学综合性论文集
虞愚文集第卷,社会科学综合性论文集
赵仲牧文集第卷美学卷,社会科学综合性论文集
张仲实文集第卷译著上,社会科学综合性论文集
流浪的惑者笔耕路上记问忧乐,社会科学综合性论文集
思想的浮冰,社会科学综合性论文集
生产第辑意大利差异,社会科学综合性论文集
国强民富我的中国梦,社会科学综合性论文集
味闲堂丛稿,社会科学综合性论文集
朝闻道集,社会科学综合性论文集
大学生科研成果集,社会科学综合性论文集
偶感与拾零,社会科学综合性论文集
批评家茶座第辑,社会科学综合性论文集
理解与阐释,社会科学综合性论文集
葛剑雄演讲录二集,社会科学综合性论文集
文化多样性与当代世界,社会科学综合性论文集
社会科学论丛第卷总第卷,社会科学综合性论文集
王任重文集上,社会科学综合性论文集
柳州社会科学研究文选年度柳州市社科课题研究论文选辑,社会科学综合性论文集
思睿观通清源学社青年学者沙龙文集,社会科学综合性论文集
得寸进寸集,社会科学综合性论文集
学思散论,社会科学综合性论文集
三书斋文存第卷古代文学研究,社会科学综合性论文集
进步的悖论,社会科学综合性论文集
历史情境与文化空间,社会科学综合性论文集
蒙树宏学术文选学鲁文存,社会科学综合性论文集
雁山论坛,社会科学综合性论文集
萃语师足文集下民族文化与名师文化,社会科学综合性论文集
外国语言文学与文化论丛,社会科学综合性论文集
年湖南社会形势分析与预测,社会科学综合性论文集
郝言郝语五位一体教研育人,社会科学综合性论文集
社会经济实用统计方法,统计学
统计学原理,统计学
统计学原理,统计学
电子计算机在统计工作中的应用,统计学
统计学,统计学
社会经济统计学原理,统计学
统计学,统计学
应用统计学,统计学
统计学原理学习指导,统计学
统计学原理与分析,统计学
统计学原理,统计学
统计学原理,统计学
统计学学习指导,统计学
社会经济统计学基础,统计学
应用统计第版习题与参考答案,统计学
统计学原理,统计学
新编统计学原理修订第版,统计学
统计学,统计学
统计学原理,统计学
社会经济统计学原理学习提要与自测,统计学
新编统计学基础,统计学
应用统计学第版,统计学
统计学教程,统计学
应用统计第版,统计学
现代统计学及其应用,统计学
统计学从典型案例到问题和思想,统计学
应用统计学,统计学
统计学基础,统计学
统计学,统计学
应用统计习题与参考解答,统计学
统计学原理,统计学
统计学,统计学
统计学概论,统计学
统计中的智慧,统计学
统计学,统计学
统计学原理,统计学
统计设计,统计学
系统动力学战略与策略实验室,统计学
现代管理统计及程序设计,统计学
统计学原理,统计学
社会经济统计学原理,统计学
中国统计教育学会组编教材统计学原理非统计专业用,统计学
统计预测和决策第版,统计学
统计学三型理论在统计表达与描述中的应用,统计学
统计学,统计学
统计学原理第版,统计学
统计实务,统计学
统计学,统计学
统计学原理,统计学
统计学原理及应用,统计学
统计学实验教程,统计学
统计学一般理论教程,统计学
统计学原理,统计学
实用统计学,统计学
统计学,统计学
统计学原理,统计学
统计学基础,统计学
统计,统计学
统计学修订第版,统计学
马克思列宁与统计,统计学
统计学,统计学
应用统计学,统计学
高等统计学,统计学
统计学与控制论,统计学
统计基础,统计学
计算机统计,统计学
统计学,统计学
次级统计数据的应用,统计学
社会经济统计学原理,统计学
统计案例分析,统计学
实用统计增订三版,统计学
统计学,统计学
统计学原理标准化题型习题集及常用公式推导,统计学
应用统计学,统计学
统计学,统计学
统计学学习指导与练习第版,统计学
统计学习理论基础,统计学
统计学从数据到结论,统计学
统计实务入门,统计学
统计学教程,统计学
统计基础,统计学
社会经济统计学原理和工业统计问题解答,统计学
统计学,统计学
统计学原理,统计学
统计学基础第版,统计学
统计学原理,统计学
统计工作理论与实践,统计学
统计学原理,统计学
统计学原理,统计学
统计学,统计学
统计学,统计学
统计学实务,统计学
统计学原理学习指导与练习第版,统计学
统计学原理学习指导,统计学
统计学,统计学
应用统计学基于运用,统计学
统计学概论教学指导与习题解答,统计学
统计学原理,统计学
统计学,统计学
统计学,统计学
统计学实验,统计学
社会经济统计理论基本知识,统计学
统计学原理、方法及应用,统计学
统计学原理,统计学
统计学,统计学
统计学原理,统计学
统计学通论,统计学
统计学原理与实务,统计学
统计学,统计学
统计学第版,统计学
统计学,统计学
统计学原理与经济统计,统计学
社会统计学,统计学
统计学从数据到结论第版,统计学
统计学学习指导,统计学
统计学辅导与练习,统计学
统计学,统计学
统计学续编,统计学
统计原理,统计学
应用统计教程,统计学
新编统计学,统计学
应用统计学,统计学
统计原理,统计学
统计与统计分析,统计学
统计学原理自学指导,统计学
应用统计学,统计学
统计学,统计学
统计学概论,统计学
统计学,统计学
统计学教程与实务,统计学
统计学初步,统计学
统计学概论,统计学
统计基础与实务,统计学
统计实习指导教程,统计学
统计学基础,统计学
应用统计学,统计学
统计学,统计学
统计学原理及应用,统计学
社会经济统计学基础,统计学
统计学,统计学
社会经济统计学原理,统计学
新编统计学原理,统计学
统计学,统计学
统计学,统计学
社会经济统计学原理,统计学
统计学概貌,统计学
统计学,统计学
统计原理及应用,统计学
统计学基础,统计学
世纪高等教育新理念精品规划教材应用统计学基于,统计学
社会经济统计学原理,统计学
统计学,统计学
统计学原理第版,统计学
大专用书统计学,统计学
新编统计学原理指导与题解修订第版,统计学
生活中的统计学,统计学
统计学,统计学
爱上统计学,统计学
统计学原理,统计学
统计模拟及其实现,统计学
统计学,统计学
统计学基础教程,统计学
应用统计学,统计学
统计学基础,统计学
统计学初步第版,统计学
社会经济统计学原理教程,统计学
模型的力量全国统计建模大赛获奖论文选,统计学
统计理论,统计学
社会经济统计学原理,统计学
社会经济统计学原理,统计学
新编社会经济统计学原理,统计学
应用统计教程,统计学
统计学原理,统计学
统计学,统计学
统计学原理及应用,统计学
统计学教程第版,统计学
统计学原理,统计学
统计学原理,统计学
统计学教学案例,统计学
统计学教程,统计学
社会经济统计学学习指导书,统计学
统计原理,统计学
统计从业资格考试大纲,统计学
统计学原理第版,统计学
统计学概论统计工作的规律和方法,统计学
统计学同步辅导与习题全解人大社贾俊平第版,统计学
统计学案例分析,统计学
统计学,统计学
新编统计学原理,统计学
新编社会经济统计学原理自学考试应考指导,统计学
统计学原理,统计学
统计学,统计学
统计学原理,统计学
统计基础,统计学
大众统计学,统计学
认识社会与统计智慧,统计学
实用统计学新编,统计学
统计基础知识,统计学
统计学习题与案例解析,统计学
统计学原理,统计学
大学生物化学下,生物化学
生物化学,生物化学
简明生物化学,生物化学
生物化学学习指导与习题详解高等教育第版,生物化学
生物化学,生物化学
高等医药院校教材供药学、化学制药、中药专业用生物化学第版,生物化学
普通生物化学第版,生物化学
基础生物化学学习指导版,生物化学
生物化学,生物化学
生物化学,生物化学
生物无机化学导论,生物化学
基础生物化学简明教程,生物化学
生物有机化学,生物化学
生理生化学,生物化学
高等医学院校教材生物化学纲要,生物化学
生物化学基础第版,生物化学
生物化学,生物化学
生物化学第部营养和排泄,生物化学
生化技术,生物化学
生物化学,生物化学
全国普通高等医学院校护理学类专业十三五规划教材生物化学,生物化学
生物化学考试常见错误与对策,生物化学
生物化学教程,生物化学
生物化学,生物化学
生物化学,生物化学
生化,生物化学
动物生物化学,生物化学
生物化学,生物化学
生物有机化学,生物化学
化学生物学学科前沿与展望,生物化学
糖复合物生化研究技术,生物化学
高职高专护理专业实训教材生物化学实训,生物化学
生物化学,生物化学
英汉双向生物化学词典,生物化学
生物化学译丛第辑癌基因和癌变专辑,生物化学
生物化学修订版,生物化学
生物化学,生物化学
生物化学复习指南暨习题解析第版,生物化学
生物化学译丛第辑糖蛋白专辑,生物化学
生物化学,生物化学
生物化学与分子生物学实验教程,生物化学
生物化学下,生物化学
生物化学复习纲要和练习,生物化学
生命的化学反应网络修订版,生物化学
生物化学,生物化学
生物化学,生物化学
生物化学解析,生物化学
生物化学,生物化学
高等教育自学考试同步辅导同步训练生物化学,生物化学
生化学通论人类疾病之生化颧,生物化学
普通生物化学第版,生物化学
人体化学,生物化学
图表生物化学,生物化学
生物化学学习指导与习题集,生物化学
生物化学简明教程,生物化学
生物化学学习指导供中等卫生学校各专业使用,生物化学
基础生物化学学习指导,生物化学
生物化学,生物化学
生物化学实验指导,生物化学
生物化学学习指南与自测,生物化学
生物有机化学第版,生物化学
生物化学上第版,生物化学
生物化学与分子生物学第版,生物化学
生物化学简明教程第版,生物化学
生物化学题解,生物化学
生物化学,生物化学
生物化学,生物化学
生物化学,生物化学
医学生物化学,生物化学
生物化学学习指南,生物化学
生物信息学中的数据挖掘方法及应用,生物化学
生物化学教程,生物化学
医学生物化学与分子生物学第版,生物化学
生物化学,生物化学
生物化学第版,生物化学
医用生物化学,生物化学
生物化学与分子生物学,生物化学
生物无机化学原理,生物化学
变化中孕育了生命生命化学的故事,生物化学
生物化学供医学专业用,生物化学
生物化学,生物化学
工业建设工程地质调查的任务与方法,生物化学
生物化学,生物化学
生物无机化学导论,生物化学
生物化学,生物化学
基础生物化学,生物化学
简明生物化学,生物化学
生物化学听课、记忆与测试,生物化学
动物生物化学,生物化学
生物化学实验指导,生物化学
生物化学技术原理及其应用,生物化学
生物化学学习与考研指津,生物化学
生物化学图解,生物化学
生物化学,生物化学
生物化学,生物化学
生物化学精要,生物化学
生物化学学习指导要点提示术语解释精选习题习题解答,生物化学
生物化学技术原理及应用,生物化学
生物化学概论,生物化学
生物化学实训指导,生物化学
高等师范专科学校通用教材生物化学,生物化学
生物化学,生物化学
生化技术导论,生物化学
组知化学,生物化学
生物化学,生物化学
生物化学第版,生物化学
生物化学,生物化学
生物化学复习考试指导,生物化学
生物化学基础,生物化学
生物高分子化学,生物化学
生物化学,生物化学
生物化学学习纲要,生物化学
人体化学,生物化学
生物化学第版,生物化学
基础生物化学第版,生物化学
生物化学实训指导,生物化学
生物化学应试向导,生物化学
动物生物化学,生物化学
生物化学在线学习版,生物化学
生物化学考试常见错误与对策,生物化学
大学生物化学上,生物化学
生物化学学习指导,生物化学
新编生物化学学习指导,生物化学
生物化学,生物化学
医学生物化学,生物化学
生物化学重点、难点分析和经典习题,生物化学
生物化学基础,生物化学
研究生专业课统考农学门类联考大纲解析生物化学最新版,生物化学
生物化学,生物化学
生物化学,生物化学
生物化学,生物化学
新观点新学说学术沙龙文集合成生物学的伦理问题与生物安全,生物化学
生物化学,生物化学
生物化学第版,生物化学
生物化学第版,生物化学
生物质化学分析技术,生物化学
动物生物化学精要题解测试,生物化学
基础生物化学,生物化学
生物化学学习指导,生物化学
生物化学,生物化学
生物化学,生物化学
生物无机化学,生物化学
医学生物化学学习指导,生物化学
生物化学简明教程第版,生物化学
基础生物化学,生物化学
生物化学,生物化学
西医综合考研分科题库串考点生物化学,生物化学
生物化学讲义上,生物化学
动物生物化学,生物化学
生物学中的化学中译本,生物化学
生物化学多选题题解,生物化学
生物化学,生物化学
趣味科学大联盟震惊世界的图解生命背后的秘密,生物化学
生化习题解附近年来部分院校研究所招收硕士研究生生化试题,生物化学
生理化学评论上,生物化学
生物化学实难,生物化学
现代生物化学与分子生物学研究技术,生物化学
医学专业必修课考试辅导丛书生物化学,生物化学
生物化学学习与解题指南,生物化学
高等学校轻工专业试用材料生物化学工业发酵专业用,生物化学
生物化学,生物化学
生物化学,生物化学
生物化学,生物化学
生物化学,生物化学
生物化学与分子生物学,生物化学
生物无机化学概要,生物化学
生物化学,生物化学
生物化学与技术实训,生物化学
生物序列化表征模型的矩阵分解方法及其应用,生物化学
生物无机化学导论,生物化学
生物化学,生物化学
基础生物化学实验,生物化学
生物化学第版,生物化学
生物化学,生物化学
普通生物化学,生物化学
生物无机化学导论,生物化学
新编生物化学,生物化学
医学生物化学,生物化学
生物化学导引,生物化学
生物化学精要与技术原理,生物化学
生物化学,生物化学
生物化学速记,生物化学
生物化学第版,生物化学
生物化学,生物化学
生物化学,生物化学
生物化学,生物化学
生物化学精要与技术原理第版,生物化学
合成生物学导论,生物化学
高等医药院校教材生物化学,生物化学
生物化学供中医、针灸专业用,生物化学
化学生物学基础,生物化学
基础生物化学实验,生物化学
生物化学,生物化学
生物化学教程第版,生物化学
生命化学基础化学与健康,生物化学
生物化学,生物化学
生物化学复习指南暨习题解析,生物化学
生物化学,生物化学
生物化学技术第版,生物化学
生物化学提要及试题,生物化学
完美休闲书架养狗驯狗喂养大全,谱系学、姓氏与族谱研究
中华起名艺术,谱系学、姓氏与族谱研究
百家姓书库程,谱系学、姓氏与族谱研究
王,谱系学、姓氏与族谱研究
中华姓氏谱韩姓卷,谱系学、姓氏与族谱研究
怎样起个好名字,谱系学、姓氏与族谱研究
你知道你的姓氏是什么意思吗？,谱系学、姓氏与族谱研究
起名手册如何起一个响亮动听的名字,谱系学、姓氏与族谱研究
中国姓氏起源探讨从无姓氏到有姓氏,谱系学、姓氏与族谱研究
中华万姓同根,谱系学、姓氏与族谱研究
姓氏人物丛书中国刘姓名人,谱系学、姓氏与族谱研究
寻根认祖王,谱系学、姓氏与族谱研究
好名好运一辈子,谱系学、姓氏与族谱研究
宫姓史话,谱系学、姓氏与族谱研究
胡姓插图本,谱系学、姓氏与族谱研究
满族姓氏寻根,谱系学、姓氏与族谱研究
中国个大姓,谱系学、姓氏与族谱研究
百家姓马姓汇纂,谱系学、姓氏与族谱研究
潮汕百家姓,谱系学、姓氏与族谱研究
中华姓氏起源与内涵,谱系学、姓氏与族谱研究
吾祖吾宗王,谱系学、姓氏与族谱研究
周口姓氏文化吴姓,谱系学、姓氏与族谱研究
五行起名解读,谱系学、姓氏与族谱研究
中华马姓下,谱系学、姓氏与族谱研究
中国起名改名实用全书,谱系学、姓氏与族谱研究
中国四百大姓下,谱系学、姓氏与族谱研究
名字与文化,谱系学、姓氏与族谱研究
人名字号辞例,谱系学、姓氏与族谱研究
王姓寻根与取名,谱系学、姓氏与族谱研究
周口姓氏文化大金国后裔完颜姓,谱系学、姓氏与族谱研究
中华万姓溯源,谱系学、姓氏与族谱研究
英语人名追根求源中英文对照,谱系学、姓氏与族谱研究
英语姓名简史,谱系学、姓氏与族谱研究
喻姓史话,谱系学、姓氏与族谱研究
姓名学新概论,谱系学、姓氏与族谱研究
百家姓解释,谱系学、姓氏与族谱研究
商周金文姓氏通考,谱系学、姓氏与族谱研究
百家姓书库丁,谱系学、姓氏与族谱研究
谱牒研究,谱系学、姓氏与族谱研究
古今姓氏书辨证附校勘记,谱系学、姓氏与族谱研究
中华姓氏全书全民阅读提升版,谱系学、姓氏与族谱研究
起名的艺术,谱系学、姓氏与族谱研究
印象中国文化的脉络姓氏,谱系学、姓氏与族谱研究
上海百家姓,谱系学、姓氏与族谱研究
中华舒氏统谱文献卷全册,谱系学、姓氏与族谱研究
袁出自祖字异写的姓,谱系学、姓氏与族谱研究
百家姓书库黄,谱系学、姓氏与族谱研究
起名字的艺术,谱系学、姓氏与族谱研究
称谓录校注本,谱系学、姓氏与族谱研究
魏出自邑名国名的姓,谱系学、姓氏与族谱研究
竹园头张氏族谱,谱系学、姓氏与族谱研究
成名时代姓名成功学,谱系学、姓氏与族谱研究
刘氏族谱续,谱系学、姓氏与族谱研究
元和姓纂附四校记,谱系学、姓氏与族谱研究
取名宝典,谱系学、姓氏与族谱研究
正名道姓,谱系学、姓氏与族谱研究
教你选个法语名,谱系学、姓氏与族谱研究
齐梁文化研究丛书齐梁萧氏文化概论,谱系学、姓氏与族谱研究
中华姓氏中国鹿邑国际老子文化节专刊,谱系学、姓氏与族谱研究
中华姓氏谱袁姓卷,谱系学、姓氏与族谱研究
永春县姓氏志,谱系学、姓氏与族谱研究
李姓插图本,谱系学、姓氏与族谱研究
黄姓史话,谱系学、姓氏与族谱研究
十二属相起名宝典,谱系学、姓氏与族谱研究
画说百家姓下,谱系学、姓氏与族谱研究
刘唐氏族谱,谱系学、姓氏与族谱研究
历代刘氏望族,谱系学、姓氏与族谱研究
清人室名别称字号索引增补本上,谱系学、姓氏与族谱研究
中国姓名史,谱系学、姓氏与族谱研究
中华丑姓,谱系学、姓氏与族谱研究
好名字伴宝宝好运一生,谱系学、姓氏与族谱研究
高姓全史,谱系学、姓氏与族谱研究
儒山志上编,谱系学、姓氏与族谱研究
赵钱孙李,谱系学、姓氏与族谱研究
姓氏来源,谱系学、姓氏与族谱研究
宝宝起名有讲究起名的奥妙,谱系学、姓氏与族谱研究
张姓寻根与取名,谱系学、姓氏与族谱研究
华夏姓氏趣谈,谱系学、姓氏与族谱研究
赣南客家温氏文化发展史,谱系学、姓氏与族谱研究
百家姓书田,谱系学、姓氏与族谱研究
陈中华第伍姓陈姓古村芙蓉村,谱系学、姓氏与族谱研究
察哈尔蒙古姓氏录蒙古文,谱系学、姓氏与族谱研究
华夏姓氏丛书杨,谱系学、姓氏与族谱研究
朴树下的孙氏宗谱空字部,谱系学、姓氏与族谱研究
周口姓氏文化丛书谢,谱系学、姓氏与族谱研究
寻根认祖系列书傅,谱系学、姓氏与族谱研究
中华取名艺术大全,谱系学、姓氏与族谱研究
陈姓源流,谱系学、姓氏与族谱研究
中国古代姓氏,谱系学、姓氏与族谱研究
取名宝典,谱系学、姓氏与族谱研究
寻根问祖中华姓氏源流,谱系学、姓氏与族谱研究
起个好名好运一生,谱系学、姓氏与族谱研究
吾祖吾宗吴,谱系学、姓氏与族谱研究
中华传统姓氏文化常识,谱系学、姓氏与族谱研究
起个好名字人名产品名企业名,谱系学、姓氏与族谱研究
陈姓寻根与取名,谱系学、姓氏与族谱研究
南安姓氏志,谱系学、姓氏与族谱研究
吾祖吾宗李,谱系学、姓氏与族谱研究
中华百家姓氏源谭张氏源谭,谱系学、姓氏与族谱研究
中华舒氏统谱世系卷第册,谱系学、姓氏与族谱研究
好姓名好孩子,谱系学、姓氏与族谱研究
成都黉门支派林氏家谱公元二四年手抄精装版,谱系学、姓氏与族谱研究
蒙古族姓氏集蒙古文,谱系学、姓氏与族谱研究
欧洲史上的同名者,谱系学、姓氏与族谱研究
中华姓氏谱陆姓卷,谱系学、姓氏与族谱研究
高安朱氏通志下,谱系学、姓氏与族谱研究
周口姓氏文化窦姓,谱系学、姓氏与族谱研究
洋名洋名任你选,谱系学、姓氏与族谱研究
一名惊人取名的艺术,谱系学、姓氏与族谱研究
图解姓名密码百家姓,谱系学、姓氏与族谱研究
中国人的名字号,谱系学、姓氏与族谱研究
段姓史话,谱系学、姓氏与族谱研究
千家姓,谱系学、姓氏与族谱研究
中国姓氏文化,谱系学、姓氏与族谱研究
台湾百家姓与大陆源流,谱系学、姓氏与族谱研究
湖南谢氏研究第期,谱系学、姓氏与族谱研究
中华袁氏专刊第期,谱系学、姓氏与族谱研究
姓名论,谱系学、姓氏与族谱研究
孙姓插图本,谱系学、姓氏与族谱研究
姓解,谱系学、姓氏与族谱研究
周口姓氏文化贾姓,谱系学、姓氏与族谱研究
给人取名的学问中国姓名文化略说,谱系学、姓氏与族谱研究
姓名中的幸运密码,谱系学、姓氏与族谱研究
正本清源光辉历史,谱系学、姓氏与族谱研究
百家姓书库曹,谱系学、姓氏与族谱研究
北京图书馆藏家谱丛刊闽粤侨乡卷第册,谱系学、姓氏与族谱研究
谱牒学论丛第辑纪念中国谱牒学研究会成立周年专集,谱系学、姓氏与族谱研究
新编百家姓增订本,谱系学、姓氏与族谱研究
李感激木子形成的姓,谱系学、姓氏与族谱研究
寻根认祖系列书毛,谱系学、姓氏与族谱研究
百家姓考略,谱系学、姓氏与族谱研究
上官氏宗谱第分册,谱系学、姓氏与族谱研究
当代百家姓,谱系学、姓氏与族谱研究
周口姓氏文化柴姓,谱系学、姓氏与族谱研究
羊姓史话,谱系学、姓氏与族谱研究
古今中外人名趣谈,谱系学、姓氏与族谱研究
华夏姓氏丛书谢,谱系学、姓氏与族谱研究
姓名与人生,谱系学、姓氏与族谱研究
张姓文化史料选释,谱系学、姓氏与族谱研究
说名道姓,谱系学、姓氏与族谱研究
史姓世系探讨从谱牒释疑到合谱商榷,谱系学、姓氏与族谱研究
中华庄氏源流,谱系学、姓氏与族谱研究
满族姓氏踪录,谱系学、姓氏与族谱研究
千家姓,谱系学、姓氏与族谱研究
宝宝取名实用指南,谱系学、姓氏与族谱研究
怎样起个好名字,谱系学、姓氏与族谱研究
吴让国先贤后裔之姓,谱系学、姓氏与族谱研究
固始史志资料丛书历史姓氏,谱系学、姓氏与族谱研究
中国姓氏起源,谱系学、姓氏与族谱研究
怎样给孩子起名字,谱系学、姓氏与族谱研究
取个好听的英文名,谱系学、姓氏与族谱研究
起名的艺术,谱系学、姓氏与族谱研究
给宝宝取个好名字,谱系学、姓氏与族谱研究
起名改名大全,谱系学、姓氏与族谱研究
中华姓氏谱吴姓卷,谱系学、姓氏与族谱研究
黄姓寻根与取名,谱系学、姓氏与族谱研究
姓氏人物丛书中国周姓名人,谱系学、姓氏与族谱研究
百家姓书库钟,谱系学、姓氏与族谱研究
中外姓氏名号趣闻,谱系学、姓氏与族谱研究
樊氏源流第辑,谱系学、姓氏与族谱研究
中华姓氏谱彭姓卷,谱系学、姓氏与族谱研究
毛姓史话,谱系学、姓氏与族谱研究
漳州姓氏下,谱系学、姓氏与族谱研究
中国姓名文化,谱系学、姓氏与族谱研究
曾姓史话,谱系学、姓氏与族谱研究
起名学,谱系学、姓氏与族谱研究
三北徐氏,谱系学、姓氏与族谱研究
寻根认祖郭,谱系学、姓氏与族谱研究
儒山志中编徐氏宗谱,谱系学、姓氏与族谱研究
姬姓史话,谱系学、姓氏与族谱研究
新编百家姓,谱系学、姓氏与族谱研究
裴,谱系学、姓氏与族谱研究
中国人名研究,谱系学、姓氏与族谱研究
西夏学文库著作卷西夏番姓大族研究,谱系学、姓氏与族谱研究
中华万姓谱下,谱系学、姓氏与族谱研究
郑采用国名得的姓,谱系学、姓氏与族谱研究
起名人名设计学,谱系学、姓氏与族谱研究
命名学商品商标命名,谱系学、姓氏与族谱研究
姓名的力量,谱系学、姓氏与族谱研究
中华姓氏文化大典总论,谱系学、姓氏与族谱研究
九史同姓名略附补遗,谱系学、姓氏与族谱研究
百家姓书库郑,谱系学、姓氏与族谱研究
姓觿附录札记,谱系学、姓氏与族谱研究
萧姓史话,谱系学、姓氏与族谱研究
家事往事,谱系学、姓氏与族谱研究
闽台萧氏缙绅录,谱系学、姓氏与族谱研究
百家姓书库李,谱系学、姓氏与族谱研究
赵氏宗谱荆门市民国第卷,谱系学、姓氏与族谱研究
罗姓插图本,谱系学、姓氏与族谱研究
汉英取名高手,谱系学、姓氏与族谱研究
中华百家姓范,谱系学、姓氏与族谱研究
寻根认祖郑,谱系学、姓氏与族谱研究
偶在论谱系西方哲学史的阴影之谷,谱系学、姓氏与族谱研究
中华万姓谱中,谱系学、姓氏与族谱研究
环球郭氏宗谱第辑,谱系学、姓氏与族谱研究
中华百家姓秘典姓氏千年大寻踪第版,谱系学、姓氏与族谱研究
起名改名全书,谱系学、姓氏与族谱研究
钟姓史话,谱系学、姓氏与族谱研究
取名百事通中国人取名的完全手册,谱系学、姓氏与族谱研究
中华姓氏全书全彩珍藏版,谱系学、姓氏与族谱研究
