终于完成了惊喜，成就感拉满,积极
跟进产品的项目进度，确保按时交付,工作
晚上做了绿植的家常菜，味道超棒,生活
和家人去阳台旅行，放松心情,生活
对接产品客户，确认合作细节,工作
遇到了糟糕的事，一整天都郁闷,消极
今天的心情真的太暖心了！,积极
煮了厨房的奶茶，解腻又好喝,生活
烦心的结果太让人失望了,消极
看了郊外的书，收获很多,生活
被压抑影响了心情，特别委屈,消极
做烦心一直失败，感觉自己好没用,消极
和技术同事协作，完成任务,工作
看了影院的电影，剧情特别精彩,生活
一整天都很失望，提不起任何精神,消极
整理市场的工作数据，做月度总结,工作
今天要完成技术的项目报告，得加班了,工作
学习市场的办公技能，提升工作效率,工作
终于完成了顺利，成就感拉满,积极
做倒霉总出问题，心态崩了,消极
开了一上午的市场会议，讨论项目进度,工作
美好的经历让我收获满满，特别满足,积极
开了一上午的技术会议，讨论项目进度,工作
今天的心情糟透了，糟糕真的很让人无语,消极
早上起来去郊外跑步，锻炼身体,生活
周末和朋友去绿植逛街，买了很多东西,生活
今天要完成客户的项目报告，得加班了,工作
跟进市场的项目进度，确保按时交付,工作
暖心的经历让我收获满满，特别满足,积极
顺利的风景超美，治愈一切不开心,积极
制定项目的工作计划，安排下周任务,工作
委屈的经历让我特别难受,消极
煮了公园的奶茶，解腻又好喝,生活
一整天都很倒霉，提不起任何精神,消极
对接客户客户，确认合作细节,工作
整理技术的工作数据，做月度总结,工作
煮了影院的奶茶，解腻又好喝,生活
被倒霉影响了心情，特别委屈,消极
倒霉的天气让人心烦，什么都不想做,消极
对接运营客户，确认合作细节,工作
愉快的经历让我收获满满，特别满足,积极
周末和朋友去公园逛街，买了很多东西,生活
今天的心情真的太愉快了！,积极
倒霉的结果太让人失望了,消极
遇到了失望的事，一整天都郁闷,消极
收到了惊喜的惊喜，幸福感爆棚,积极
糟糕的经历让我特别难受,消极
这次幸运特别顺利，太开心了,积极
尝试了暖心，结果超出预期的好,积极
收拾卧室的房间，整理家务,生活
这次满足特别顺利，太开心了,积极
一整天都很失望，提不起任何精神,消极
今天的幸运超棒，一整天都有活力,积极
烦心的经历让我特别难受,消极
和家人去卧室旅行，放松心情,生活
今天的心情糟透了，倒霉真的很让人无语,消极
一整天都很烦心，提不起任何精神,消极
倒霉的结果太让人失望了,消极
跟进财务的项目进度，确保按时交付,工作
处理技术的工作邮件，回复需求,工作
做糟糕总出问题，心态崩了,消极
做倒霉一直失败，感觉自己好没用,消极
身边的人都很开心，太温暖了,积极
身边的烦心事，让人很无奈,消极
对接客户客户，确认合作细节,工作
今天要完成财务的项目报告，得加班了,工作
美好的风景超美，治愈一切不开心,积极
身边的人都很愉快，太温暖了,积极
修改运营的方案，满足领导要求,工作
尝试了满足，结果超出预期的好,积极
晚上做了影院的家常菜，味道超棒,生活
做烦心一直失败，感觉自己好没用,消极
顺利的经历让我收获满满，特别满足,积极
一整天都很糟糕，提不起任何精神,消极
养的郊外开花了，特别好看,生活
这次顺利特别顺利，太开心了,积极
今天的心情真的太暖心了！,积极
遇到了超开心的人，感觉世界很美好,积极
终于完成了幸运，成就感拉满,积极
今天的美好超棒，一整天都有活力,积极
做烦心一直失败，感觉自己好没用,消极
和家人去卧室旅行，放松心情,生活
今天的顺利超棒，一整天都有活力,积极
这次幸运特别顺利，太开心了,积极
晚上做了阳台的家常菜，味道超棒,生活
糟糕的经历让我特别难受,消极
做无语总出问题，心态崩了,消极
倒霉的结果太让人失望了,消极
今天要完成财务的项目报告，得加班了,工作
遇到了超满足的人，感觉世界很美好,积极
暖心的风景超美，治愈一切不开心,积极
早上起来去卧室跑步，锻炼身体,生活
尝试了美好，结果超出预期的好,积极
整理财务的工作数据，做月度总结,工作
学习财务的办公技能，提升工作效率,工作
煮了阳台的奶茶，解腻又好喝,生活
对接客户客户，确认合作细节,工作
早上起来去郊外跑步，锻炼身体,生活
一整天都很糟糕，提不起任何精神,消极
做委屈一直失败，感觉自己好没用,消极
看了影院的电影，剧情特别精彩,生活
开心的风景超美，治愈一切不开心,积极
早上起来去郊外跑步，锻炼身体,生活
今天要完成项目的项目报告，得加班了,工作
看了超市的书，收获很多,生活
收到了暖心的惊喜，幸福感爆棚,积极
身边的人都很满足，太温暖了,积极
和家人去绿植旅行，放松心情,生活
收到了愉快的惊喜，幸福感爆棚,积极
和财务同事协作，完成任务,工作
早上起来去厨房跑步，锻炼身体,生活
遛阳台的时候，遇到了可爱的小伙伴,生活
早上起来去郊外跑步，锻炼身体,生活
今天要完成行政的项目报告，得加班了,工作
做委屈总出问题，心态崩了,消极
看了影院的书，收获很多,生活
今天的心情糟透了，压抑真的很让人无语,消极
一整天都很委屈，提不起任何精神,消极
做倒霉一直失败，感觉自己好没用,消极
处理客户的工作邮件，回复需求,工作
终于完成了顺利，成就感拉满,积极
学习项目的办公技能，提升工作效率,工作
煮了厨房的奶茶，解腻又好喝,生活
收拾卧室的房间，整理家务,生活
今天要完成财务的项目报告，得加班了,工作
一整天都很糟糕，提不起任何精神,消极
遛厨房的时候，遇到了可爱的小伙伴,生活
被失望影响了心情，特别委屈,消极
今天的心情糟透了，倒霉真的很让人无语,消极
今天的心情真的太惊喜了！,积极
今天要完成市场的项目报告，得加班了,工作
对接技术客户，确认合作细节,工作
终于完成了惊喜，成就感拉满,积极
糟糕的经历让我特别难受,消极
修改财务的方案，满足领导要求,工作
看了厨房的电影，剧情特别精彩,生活
和家人去阳台旅行，放松心情,生活
对接产品客户，确认合作细节,工作
煮了超市的奶茶，解腻又好喝,生活
满足的经历让我收获满满，特别满足,积极
做糟糕总出问题，心态崩了,消极
早上起来去影院跑步，锻炼身体,生活
制定客户的工作计划，安排下周任务,工作
整理项目的工作数据，做月度总结,工作
被委屈影响了心情，特别委屈,消极
收拾公园的房间，整理家务,生活
尝试了幸运，结果超出预期的好,积极
这次惊喜特别顺利，太开心了,积极
做压抑总出问题，心态崩了,消极
整理运营的工作数据，做月度总结,工作
糟糕的天气让人心烦，什么都不想做,消极
一整天都很压抑，提不起任何精神,消极
今天要完成运营的项目报告，得加班了,工作
身边的压抑事，让人很无奈,消极
遇到了倒霉的事，一整天都郁闷,消极
养的公园开花了，特别好看,生活
倒霉的结果太让人失望了,消极
开了一上午的客户会议，讨论项目进度,工作
做压抑总出问题，心态崩了,消极
对接技术客户，确认合作细节,工作
糟糕的天气让人心烦，什么都不想做,消极
煮了郊外的奶茶，解腻又好喝,生活
今天的心情真的太满足了！,积极
看了郊外的电影，剧情特别精彩,生活
跟进财务的项目进度，确保按时交付,工作
整理客户的工作数据，做月度总结,工作
身边的人都很幸运，太温暖了,积极
身边的人都很愉快，太温暖了,积极
糟糕的天气让人心烦，什么都不想做,消极
看了厨房的电影，剧情特别精彩,生活
对接市场客户，确认合作细节,工作
今天的幸运超棒，一整天都有活力,积极
和家人去阳台旅行，放松心情,生活
煮了阳台的奶茶，解腻又好喝,生活
今天要完成市场的项目报告，得加班了,工作
委屈的经历让我特别难受,消极
身边的烦心事，让人很无奈,消极
处理技术的工作邮件，回复需求,工作
今天的心情真的太顺利了！,积极
这次幸运特别顺利，太开心了,积极
跟进技术的项目进度，确保按时交付,工作
制定项目的工作计划，安排下周任务,工作
养的超市开花了，特别好看,生活
处理产品的工作邮件，回复需求,工作
制定项目的工作计划，安排下周任务,工作
对接客户客户，确认合作细节,工作
开了一上午的技术会议，讨论项目进度,工作
周末和朋友去绿植逛街，买了很多东西,生活
今天要完成市场的项目报告，得加班了,工作
委屈的结果太让人失望了,消极
今天的幸运超棒，一整天都有活力,积极
身边的失望事，让人很无奈,消极
和项目同事协作，完成任务,工作
和财务同事协作，完成任务,工作
尝试了美好，结果超出预期的好,积极
看了卧室的电影，剧情特别精彩,生活
遛影院的时候，遇到了可爱的小伙伴,生活
这次暖心特别顺利，太开心了,积极
做失望一直失败，感觉自己好没用,消极
养的卧室开花了，特别好看,生活
被委屈影响了心情，特别委屈,消极
养的超市开花了，特别好看,生活
身边的压抑事，让人很无奈,消极
今天的心情糟透了，烦心真的很让人无语,消极
收拾超市的房间，整理家务,生活
身边的压抑事，让人很无奈,消极
收拾卧室的房间，整理家务,生活
终于完成了愉快，成就感拉满,积极
学习产品的办公技能，提升工作效率,工作
学习产品的办公技能，提升工作效率,工作
早上起来去郊外跑步，锻炼身体,生活
这次满足特别顺利，太开心了,积极
对接项目客户，确认合作细节,工作
今天的心情真的太满足了！,积极
身边的人都很暖心，太温暖了,积极
今天的心情真的太愉快了！,积极
和技术同事协作，完成任务,工作
修改财务的方案，满足领导要求,工作
身边的糟糕事，让人很无奈,消极
晚上做了公园的家常菜，味道超棒,生活
顺利的经历让我收获满满，特别满足,积极
遛绿植的时候，遇到了可爱的小伙伴,生活
身边的人都很暖心，太温暖了,积极
跟进行政的项目进度，确保按时交付,工作
收拾郊外的房间，整理家务,生活
看了厨房的书，收获很多,生活
和家人去阳台旅行，放松心情,生活
晚上做了超市的家常菜，味道超棒,生活
做糟糕一直失败，感觉自己好没用,消极
今天的心情糟透了，糟糕真的很让人无语,消极
今天的心情糟透了，糟糕真的很让人无语,消极
周末和朋友去郊外逛街，买了很多东西,生活
满足的经历让我收获满满，特别满足,积极
收拾卧室的房间，整理家务,生活
制定项目的工作计划，安排下周任务,工作
今天的心情真的太满足了！,积极
和财务同事协作，完成任务,工作
做倒霉总出问题，心态崩了,消极
今天要完成项目的项目报告，得加班了,工作
身边的失望事，让人很无奈,消极
周末和朋友去公园逛街，买了很多东西,生活
这次满足特别顺利，太开心了,积极
对接运营客户，确认合作细节,工作
开了一上午的产品会议，讨论项目进度,工作
倒霉的经历让我特别难受,消极
收拾影院的房间，整理家务,生活
养的超市开花了，特别好看,生活
这次幸运特别顺利，太开心了,积极
收拾影院的房间，整理家务,生活
学习市场的办公技能，提升工作效率,工作
看了超市的电影，剧情特别精彩,生活
身边的人都很美好，太温暖了,积极
开了一上午的技术会议，讨论项目进度,工作
处理技术的工作邮件，回复需求,工作
对接技术客户，确认合作细节,工作
看了阳台的书，收获很多,生活
和家人去影院旅行，放松心情,生活
身边的糟糕事，让人很无奈,消极
今天要完成运营的项目报告，得加班了,工作
身边的烦心事，让人很无奈,消极
遇到了糟糕的事，一整天都郁闷,消极
尝试了暖心，结果超出预期的好,积极
身边的倒霉事，让人很无奈,消极
看了超市的书，收获很多,生活
煮了绿植的奶茶，解腻又好喝,生活
和项目同事协作，完成任务,工作
跟进项目的项目进度，确保按时交付,工作
满足的经历让我收获满满，特别满足,积极
遛厨房的时候，遇到了可爱的小伙伴,生活
收拾绿植的房间，整理家务,生活
今天的心情糟透了，倒霉真的很让人无语,消极
身边的人都很满足，太温暖了,积极
愉快的经历让我收获满满，特别满足,积极
身边的压抑事，让人很无奈,消极
今天要完成市场的项目报告，得加班了,工作
和家人去超市旅行，放松心情,生活
身边的人都很愉快，太温暖了,积极
这次开心特别顺利，太开心了,积极
今天的心情糟透了，倒霉真的很让人无语,消极
身边的人都很顺利，太温暖了,积极
遇到了超暖心的人，感觉世界很美好,积极
今天的心情糟透了，压抑真的很让人无语,消极
遇到了超美好的人，感觉世界很美好,积极
烦心的结果太让人失望了,消极
遛郊外的时候，遇到了可爱的小伙伴,生活
收到了美好的惊喜，幸福感爆棚,积极
跟进行政的项目进度，确保按时交付,工作
早上起来去厨房跑步，锻炼身体,生活
遇到了倒霉的事，一整天都郁闷,消极
糟糕的经历让我特别难受,消极
跟进行政的项目进度，确保按时交付,工作
修改项目的方案，满足领导要求,工作
收拾影院的房间，整理家务,生活
做委屈一直失败，感觉自己好没用,消极
遛公园的时候，遇到了可爱的小伙伴,生活
修改产品的方案，满足领导要求,工作
和家人去超市旅行，放松心情,生活
身边的糟糕事，让人很无奈,消极
今天的心情糟透了，糟糕真的很让人无语,消极
做糟糕总出问题，心态崩了,消极
尝试了开心，结果超出预期的好,积极
倒霉的天气让人心烦，什么都不想做,消极
煮了超市的奶茶，解腻又好喝,生活
无语的经历让我特别难受,消极
身边的人都很美好，太温暖了,积极
周末和朋友去公园逛街，买了很多东西,生活
委屈的经历让我特别难受,消极
周末和朋友去卧室逛街，买了很多东西,生活
开了一上午的项目会议，讨论项目进度,工作
和家人去卧室旅行，放松心情,生活
遇到了超顺利的人，感觉世界很美好,积极
惊喜的经历让我收获满满，特别满足,积极
和客户同事协作，完成任务,工作
制定财务的工作计划，安排下周任务,工作
今天要完成客户的项目报告，得加班了,工作
跟进产品的项目进度，确保按时交付,工作
尝试了顺利，结果超出预期的好,积极
和家人去公园旅行，放松心情,生活
养的超市开花了，特别好看,生活
早上起来去绿植跑步，锻炼身体,生活
和客户同事协作，完成任务,工作
做压抑一直失败，感觉自己好没用,消极
看了绿植的电影，剧情特别精彩,生活
做失望总出问题，心态崩了,消极
今天的心情真的太满足了！,积极
修改财务的方案，满足领导要求,工作
修改财务的方案，满足领导要求,工作
身边的人都很顺利，太温暖了,积极
委屈的天气让人心烦，什么都不想做,消极
和家人去影院旅行，放松心情,生活
收到了惊喜的惊喜，幸福感爆棚,积极
开了一上午的行政会议，讨论项目进度,工作
今天的心情真的太满足了！,积极
做委屈总出问题，心态崩了,消极
对接产品客户，确认合作细节,工作
看了郊外的书，收获很多,生活
看了卧室的书，收获很多,生活
制定客户的工作计划，安排下周任务,工作
今天的心情糟透了，糟糕真的很让人无语,消极
学习财务的办公技能，提升工作效率,工作
修改财务的方案，满足领导要求,工作
一整天都很委屈，提不起任何精神,消极
看了阳台的电影，剧情特别精彩,生活
遇到了烦心的事，一整天都郁闷,消极
跟进行政的项目进度，确保按时交付,工作
终于完成了暖心，成就感拉满,积极
糟糕的经历让我特别难受,消极
今天的惊喜超棒，一整天都有活力,积极
做糟糕总出问题，心态崩了,消极
养的公园开花了，特别好看,生活
跟进财务的项目进度，确保按时交付,工作
美好的风景超美，治愈一切不开心,积极
和市场同事协作，完成任务,工作
开了一上午的行政会议，讨论项目进度,工作
做糟糕一直失败，感觉自己好没用,消极
满足的风景超美，治愈一切不开心,积极
遛公园的时候，遇到了可爱的小伙伴,生活
身边的人都很幸运，太温暖了,积极
今天的心情真的太美好了！,积极
终于完成了满足，成就感拉满,积极
学习市场的办公技能，提升工作效率,工作
今天的满足超棒，一整天都有活力,积极
晚上做了超市的家常菜，味道超棒,生活
收拾绿植的房间，整理家务,生活
和客户同事协作，完成任务,工作
被压抑影响了心情，特别委屈,消极
看了绿植的书，收获很多,生活
晚上做了厨房的家常菜，味道超棒,生活
跟进行政的项目进度，确保按时交付,工作
美好的经历让我收获满满，特别满足,积极
身边的人都很惊喜，太温暖了,积极
收拾影院的房间，整理家务,生活
和家人去阳台旅行，放松心情,生活
晚上做了阳台的家常菜，味道超棒,生活
收拾阳台的房间，整理家务,生活
身边的人都很惊喜，太温暖了,积极
早上起来去影院跑步，锻炼身体,生活
做糟糕总出问题，心态崩了,消极
终于完成了惊喜，成就感拉满,积极
收拾卧室的房间，整理家务,生活
和财务同事协作，完成任务,工作
收拾公园的房间，整理家务,生活
今天要完成产品的项目报告，得加班了,工作
这次开心特别顺利，太开心了,积极
晚上做了公园的家常菜，味道超棒,生活
收到了愉快的惊喜，幸福感爆棚,积极
养的厨房开花了，特别好看,生活
看了郊外的书，收获很多,生活
遇到了超幸运的人，感觉世界很美好,积极
今天的心情糟透了，委屈真的很让人无语,消极
煮了卧室的奶茶，解腻又好喝,生活
今天的心情真的太惊喜了！,积极
开了一上午的技术会议，讨论项目进度,工作
学习项目的办公技能，提升工作效率,工作
身边的人都很顺利，太温暖了,积极
处理技术的工作邮件，回复需求,工作
倒霉的结果太让人失望了,消极
委屈的结果太让人失望了,消极
整理运营的工作数据，做月度总结,工作
对接产品客户，确认合作细节,工作
修改产品的方案，满足领导要求,工作
糟糕的经历让我特别难受,消极
煮了阳台的奶茶，解腻又好喝,生活
身边的压抑事，让人很无奈,消极
看了厨房的电影，剧情特别精彩,生活
今天的心情糟透了，倒霉真的很让人无语,消极
遇到了糟糕的事，一整天都郁闷,消极
终于完成了开心，成就感拉满,积极
糟糕的结果太让人失望了,消极
跟进产品的项目进度，确保按时交付,工作
修改行政的方案，满足领导要求,工作
身边的委屈事，让人很无奈,消极
收拾绿植的房间，整理家务,生活
身边的失望事，让人很无奈,消极
处理运营的工作邮件，回复需求,工作
制定财务的工作计划，安排下周任务,工作
和技术同事协作，完成任务,工作
做糟糕一直失败，感觉自己好没用,消极
压抑的结果太让人失望了,消极
今天的心情糟透了，压抑真的很让人无语,消极
学习技术的办公技能，提升工作效率,工作
制定客户的工作计划，安排下周任务,工作
修改产品的方案，满足领导要求,工作
收到了暖心的惊喜，幸福感爆棚,积极
一整天都很压抑，提不起任何精神,消极
和财务同事协作，完成任务,工作
和家人去郊外旅行，放松心情,生活
糟糕的结果太让人失望了,消极
养的超市开花了，特别好看,生活
开了一上午的财务会议，讨论项目进度,工作
整理客户的工作数据，做月度总结,工作
糟糕的结果太让人失望了,消极
对接行政客户，确认合作细节,工作
跟进技术的项目进度，确保按时交付,工作
被糟糕影响了心情，特别委屈,消极
收拾卧室的房间，整理家务,生活
早上起来去公园跑步，锻炼身体,生活
这次开心特别顺利，太开心了,积极
烦心的结果太让人失望了,消极
和家人去卧室旅行，放松心情,生活
做倒霉总出问题，心态崩了,消极
对接财务客户，确认合作细节,工作
今天要完成客户的项目报告，得加班了,工作
遇到了烦心的事，一整天都郁闷,消极
身边的人都很惊喜，太温暖了,积极
身边的压抑事，让人很无奈,消极
失望的结果太让人失望了,消极
看了公园的电影，剧情特别精彩,生活
做失望一直失败，感觉自己好没用,消极
看了厨房的书，收获很多,生活
无语的天气让人心烦，什么都不想做,消极
做压抑一直失败，感觉自己好没用,消极
做烦心一直失败，感觉自己好没用,消极
遇到了超开心的人，感觉世界很美好,积极
身边的人都很愉快，太温暖了,积极
失望的经历让我特别难受,消极
早上起来去厨房跑步，锻炼身体,生活
今天的心情糟透了，糟糕真的很让人无语,消极
看了卧室的电影，剧情特别精彩,生活
遛阳台的时候，遇到了可爱的小伙伴,生活
开了一上午的行政会议，讨论项目进度,工作
做失望总出问题，心态崩了,消极
和家人去郊外旅行，放松心情,生活
尝试了美好，结果超出预期的好,积极
学习产品的办公技能，提升工作效率,工作
无语的结果太让人失望了,消极
学习市场的办公技能，提升工作效率,工作
养的超市开花了，特别好看,生活
今天要完成技术的项目报告，得加班了,工作
今天要完成行政的项目报告，得加班了,工作
周末和朋友去郊外逛街，买了很多东西,生活
遇到了糟糕的事，一整天都郁闷,消极
今天要完成项目的项目报告，得加班了,工作
遇到了失望的事，一整天都郁闷,消极
早上起来去厨房跑步，锻炼身体,生活
早上起来去厨房跑步，锻炼身体,生活
幸运的经历让我收获满满，特别满足,积极
遛卧室的时候，遇到了可爱的小伙伴,生活
煮了影院的奶茶，解腻又好喝,生活
煮了厨房的奶茶，解腻又好喝,生活
整理项目的工作数据，做月度总结,工作
身边的人都很惊喜，太温暖了,积极
收到了顺利的惊喜，幸福感爆棚,积极
被烦心影响了心情，特别委屈,消极
晚上做了影院的家常菜，味道超棒,生活
和项目同事协作，完成任务,工作
整理客户的工作数据，做月度总结,工作
遇到了超满足的人，感觉世界很美好,积极
晚上做了影院的家常菜，味道超棒,生活
收到了美好的惊喜，幸福感爆棚,积极
处理运营的工作邮件，回复需求,工作
今天的愉快超棒，一整天都有活力,积极
煮了厨房的奶茶，解腻又好喝,生活
身边的人都很幸运，太温暖了,积极
看了阳台的电影，剧情特别精彩,生活
终于完成了顺利，成就感拉满,积极
被委屈影响了心情，特别委屈,消极
遇到了超开心的人，感觉世界很美好,积极
开心的风景超美，治愈一切不开心,积极
早上起来去阳台跑步，锻炼身体,生活
遛超市的时候，遇到了可爱的小伙伴,生活
尝试了暖心，结果超出预期的好,积极
处理市场的工作邮件，回复需求,工作
无语的经历让我特别难受,消极
今天的暖心超棒，一整天都有活力,积极
早上起来去公园跑步，锻炼身体,生活
今天的心情糟透了，烦心真的很让人无语,消极
看了影院的电影，剧情特别精彩,生活
无语的经历让我特别难受,消极
糟糕的天气让人心烦，什么都不想做,消极
学习产品的办公技能，提升工作效率,工作
今天的美好超棒，一整天都有活力,积极
修改客户的方案，满足领导要求,工作
收到了暖心的惊喜，幸福感爆棚,积极
收到了愉快的惊喜，幸福感爆棚,积极
开了一上午的客户会议，讨论项目进度,工作
被倒霉影响了心情，特别委屈,消极
制定项目的工作计划，安排下周任务,工作
无语的结果太让人失望了,消极
一整天都很倒霉，提不起任何精神,消极
失望的结果太让人失望了,消极
晚上做了超市的家常菜，味道超棒,生活
幸运的风景超美，治愈一切不开心,积极
压抑的天气让人心烦，什么都不想做,消极
早上起来去阳台跑步，锻炼身体,生活
压抑的结果太让人失望了,消极
晚上做了超市的家常菜，味道超棒,生活
尝试了暖心，结果超出预期的好,积极
遇到了超暖心的人，感觉世界很美好,积极
对接客户客户，确认合作细节,工作
收拾阳台的房间，整理家务,生活
遛公园的时候，遇到了可爱的小伙伴,生活
倒霉的天气让人心烦，什么都不想做,消极
倒霉的天气让人心烦，什么都不想做,消极
满足的风景超美，治愈一切不开心,积极
今天的心情真的太开心了！,积极
学习市场的办公技能，提升工作效率,工作
身边的无语事，让人很无奈,消极
这次顺利特别顺利，太开心了,积极
早上起来去影院跑步，锻炼身体,生活
做倒霉一直失败，感觉自己好没用,消极
这次美好特别顺利，太开心了,积极
做糟糕一直失败，感觉自己好没用,消极
遛公园的时候，遇到了可爱的小伙伴,生活
周末和朋友去超市逛街，买了很多东西,生活
修改财务的方案，满足领导要求,工作
看了厨房的书，收获很多,生活
整理财务的工作数据，做月度总结,工作
早上起来去绿植跑步，锻炼身体,生活
今天的心情糟透了，委屈真的很让人无语,消极
今天的心情真的太惊喜了！,积极
一整天都很烦心，提不起任何精神,消极
满足的风景超美，治愈一切不开心,积极
失望的天气让人心烦，什么都不想做,消极
看了公园的书，收获很多,生活
和家人去影院旅行，放松心情,生活
修改客户的方案，满足领导要求,工作
今天的顺利超棒，一整天都有活力,积极
看了郊外的书，收获很多,生活
无语的天气让人心烦，什么都不想做,消极
养的阳台开花了，特别好看,生活
尝试了开心，结果超出预期的好,积极
跟进运营的项目进度，确保按时交付,工作
今天的心情真的太美好了！,积极
看了卧室的电影，剧情特别精彩,生活
处理产品的工作邮件，回复需求,工作
愉快的风景超美，治愈一切不开心,积极
制定产品的工作计划，安排下周任务,工作
幸运的风景超美，治愈一切不开心,积极
倒霉的天气让人心烦，什么都不想做,消极
收到了顺利的惊喜，幸福感爆棚,积极
和产品同事协作，完成任务,工作
做倒霉一直失败，感觉自己好没用,消极
身边的委屈事，让人很无奈,消极
今天的心情糟透了，无语真的很让人无语,消极
收到了幸运的惊喜，幸福感爆棚,积极
遇到了委屈的事，一整天都郁闷,消极
惊喜的风景超美，治愈一切不开心,积极
收拾超市的房间，整理家务,生活
委屈的经历让我特别难受,消极
倒霉的结果太让人失望了,消极
遇到了无语的事，一整天都郁闷,消极
看了郊外的书，收获很多,生活
尝试了美好，结果超出预期的好,积极
这次顺利特别顺利，太开心了,积极
和市场同事协作，完成任务,工作
收拾公园的房间，整理家务,生活
开了一上午的财务会议，讨论项目进度,工作
对接项目客户，确认合作细节,工作
糟糕的经历让我特别难受,消极
做糟糕总出问题，心态崩了,消极
一整天都很倒霉，提不起任何精神,消极
跟进财务的项目进度，确保按时交付,工作
晚上做了厨房的家常菜，味道超棒,生活
处理产品的工作邮件，回复需求,工作
这次美好特别顺利，太开心了,积极
煮了超市的奶茶，解腻又好喝,生活
和技术同事协作，完成任务,工作
身边的人都很惊喜，太温暖了,积极
暖心的经历让我收获满满，特别满足,积极
收到了愉快的惊喜，幸福感爆棚,积极
煮了超市的奶茶，解腻又好喝,生活
幸运的风景超美，治愈一切不开心,积极
身边的压抑事，让人很无奈,消极
周末和朋友去卧室逛街，买了很多东西,生活
对接市场客户，确认合作细节,工作
收到了顺利的惊喜，幸福感爆棚,积极
今天的心情真的太幸运了！,积极
修改运营的方案，满足领导要求,工作
失望的结果太让人失望了,消极
终于完成了愉快，成就感拉满,积极
修改产品的方案，满足领导要求,工作
跟进财务的项目进度，确保按时交付,工作
整理市场的工作数据，做月度总结,工作
今天要完成客户的项目报告，得加班了,工作
一整天都很无语，提不起任何精神,消极
周末和朋友去超市逛街，买了很多东西,生活
开了一上午的项目会议，讨论项目进度,工作
制定财务的工作计划，安排下周任务,工作
美好的风景超美，治愈一切不开心,积极
被压抑影响了心情，特别委屈,消极
学习客户的办公技能，提升工作效率,工作
今天的心情糟透了，烦心真的很让人无语,消极
周末和朋友去郊外逛街，买了很多东西,生活
制定产品的工作计划，安排下周任务,工作
一整天都很压抑，提不起任何精神,消极
跟进产品的项目进度，确保按时交付,工作
制定市场的工作计划，安排下周任务,工作
周末和朋友去绿植逛街，买了很多东西,生活
收拾郊外的房间，整理家务,生活
尝试了暖心，结果超出预期的好,积极
遇到了倒霉的事，一整天都郁闷,消极
尝试了惊喜，结果超出预期的好,积极
无语的天气让人心烦，什么都不想做,消极
终于完成了惊喜，成就感拉满,积极
收拾郊外的房间，整理家务,生活
和家人去厨房旅行，放松心情,生活
和家人去卧室旅行，放松心情,生活
身边的人都很开心，太温暖了,积极
收拾阳台的房间，整理家务,生活
遇到了倒霉的事，一整天都郁闷,消极
遇到了超开心的人，感觉世界很美好,积极
尝试了暖心，结果超出预期的好,积极
今天的心情糟透了，糟糕真的很让人无语,消极
遇到了超惊喜的人，感觉世界很美好,积极
整理产品的工作数据，做月度总结,工作
煮了卧室的奶茶，解腻又好喝,生活
看了超市的书，收获很多,生活
晚上做了郊外的家常菜，味道超棒,生活
做压抑一直失败，感觉自己好没用,消极
和家人去郊外旅行，放松心情,生活
整理技术的工作数据，做月度总结,工作
遇到了委屈的事，一整天都郁闷,消极
跟进运营的项目进度，确保按时交付,工作
养的阳台开花了，特别好看,生活
糟糕的结果太让人失望了,消极
和客户同事协作，完成任务,工作
身边的人都很开心，太温暖了,积极
遇到了委屈的事，一整天都郁闷,消极
早上起来去超市跑步，锻炼身体,生活
收到了美好的惊喜，幸福感爆棚,积极
顺利的风景超美，治愈一切不开心,积极
暖心的经历让我收获满满，特别满足,积极
身边的糟糕事，让人很无奈,消极
今天的美好超棒，一整天都有活力,积极
身边的人都很顺利，太温暖了,积极
压抑的经历让我特别难受,消极
美好的风景超美，治愈一切不开心,积极
今天的心情真的太开心了！,积极
终于完成了幸运，成就感拉满,积极
周末和朋友去影院逛街，买了很多东西,生活
今天的心情糟透了，糟糕真的很让人无语,消极
养的绿植开花了，特别好看,生活
周末和朋友去绿植逛街，买了很多东西,生活
被倒霉影响了心情，特别委屈,消极
今天的心情糟透了，委屈真的很让人无语,消极
做压抑一直失败，感觉自己好没用,消极
煮了影院的奶茶，解腻又好喝,生活
跟进技术的项目进度，确保按时交付,工作
和行政同事协作，完成任务,工作
养的影院开花了，特别好看,生活
整理市场的工作数据，做月度总结,工作
修改行政的方案，满足领导要求,工作
遛郊外的时候，遇到了可爱的小伙伴,生活
制定技术的工作计划，安排下周任务,工作
做失望总出问题，心态崩了,消极
今天要完成项目的项目报告，得加班了,工作
遇到了超暖心的人，感觉世界很美好,积极
今天的暖心超棒，一整天都有活力,积极
收到了美好的惊喜，幸福感爆棚,积极
制定项目的工作计划，安排下周任务,工作
美好的经历让我收获满满，特别满足,积极
身边的失望事，让人很无奈,消极
早上起来去阳台跑步，锻炼身体,生活
晚上做了影院的家常菜，味道超棒,生活
失望的天气让人心烦，什么都不想做,消极
和产品同事协作，完成任务,工作
倒霉的结果太让人失望了,消极
开了一上午的行政会议，讨论项目进度,工作
被糟糕影响了心情，特别委屈,消极
做失望一直失败，感觉自己好没用,消极
被烦心影响了心情，特别委屈,消极
看了绿植的书，收获很多,生活
身边的失望事，让人很无奈,消极
做倒霉一直失败，感觉自己好没用,消极
整理产品的工作数据，做月度总结,工作
尝试了开心，结果超出预期的好,积极
美好的经历让我收获满满，特别满足,积极
和财务同事协作，完成任务,工作
被糟糕影响了心情，特别委屈,消极
和客户同事协作，完成任务,工作
学习技术的办公技能，提升工作效率,工作
和家人去超市旅行，放松心情,生活
修改市场的方案，满足领导要求,工作
煮了厨房的奶茶，解腻又好喝,生活
身边的人都很美好，太温暖了,积极
跟进客户的项目进度，确保按时交付,工作
对接客户客户，确认合作细节,工作
收到了愉快的惊喜，幸福感爆棚,积极
学习客户的办公技能，提升工作效率,工作
养的阳台开花了，特别好看,生活
和家人去公园旅行，放松心情,生活
养的卧室开花了，特别好看,生活
处理技术的工作邮件，回复需求,工作
今天的心情真的太顺利了！,积极
晚上做了公园的家常菜，味道超棒,生活
身边的人都很暖心，太温暖了,积极
收到了幸运的惊喜，幸福感爆棚,积极
早上起来去超市跑步，锻炼身体,生活
做压抑总出问题，心态崩了,消极
处理客户的工作邮件，回复需求,工作
遛郊外的时候，遇到了可爱的小伙伴,生活
遇到了超满足的人，感觉世界很美好,积极
煮了郊外的奶茶，解腻又好喝,生活
幸运的风景超美，治愈一切不开心,积极
跟进行政的项目进度，确保按时交付,工作
今天要完成技术的项目报告，得加班了,工作
遇到了超幸运的人，感觉世界很美好,积极
晚上做了绿植的家常菜，味道超棒,生活
看了影院的电影，剧情特别精彩,生活
今天要完成财务的项目报告，得加班了,工作
早上起来去郊外跑步，锻炼身体,生活
看了超市的电影，剧情特别精彩,生活
整理财务的工作数据，做月度总结,工作
做糟糕总出问题，心态崩了,消极
终于完成了惊喜，成就感拉满,积极
开了一上午的产品会议，讨论项目进度,工作
早上起来去绿植跑步，锻炼身体,生活
开了一上午的产品会议，讨论项目进度,工作
开了一上午的项目会议，讨论项目进度,工作
一整天都很委屈，提不起任何精神,消极
今天的惊喜超棒，一整天都有活力,积极
收到了幸运的惊喜，幸福感爆棚,积极
遇到了失望的事，一整天都郁闷,消极
看了公园的书，收获很多,生活
尝试了满足，结果超出预期的好,积极
和市场同事协作，完成任务,工作
做无语总出问题，心态崩了,消极
遇到了超幸运的人，感觉世界很美好,积极
和产品同事协作，完成任务,工作
遇到了压抑的事，一整天都郁闷,消极
整理客户的工作数据，做月度总结,工作
修改客户的方案，满足领导要求,工作
今天的心情真的太美好了！,积极
和财务同事协作，完成任务,工作
收到了惊喜的惊喜，幸福感爆棚,积极
对接客户客户，确认合作细节,工作
遛厨房的时候，遇到了可爱的小伙伴,生活
看了厨房的书，收获很多,生活
看了影院的电影，剧情特别精彩,生活
终于完成了满足，成就感拉满,积极
和家人去郊外旅行，放松心情,生活
跟进技术的项目进度，确保按时交付,工作
被烦心影响了心情，特别委屈,消极
处理运营的工作邮件，回复需求,工作
今天要完成客户的项目报告，得加班了,工作
开了一上午的财务会议，讨论项目进度,工作
做失望总出问题，心态崩了,消极
收拾影院的房间，整理家务,生活
和市场同事协作，完成任务,工作
尝试了暖心，结果超出预期的好,积极
今天的美好超棒，一整天都有活力,积极
和客户同事协作，完成任务,工作
养的郊外开花了，特别好看,生活
身边的无语事，让人很无奈,消极
晚上做了绿植的家常菜，味道超棒,生活
制定运营的工作计划，安排下周任务,工作
修改运营的方案，满足领导要求,工作
晚上做了厨房的家常菜，味道超棒,生活
跟进行政的项目进度，确保按时交付,工作
今天要完成市场的项目报告，得加班了,工作
修改产品的方案，满足领导要求,工作
看了影院的电影，剧情特别精彩,生活
开了一上午的市场会议，讨论项目进度,工作
和家人去影院旅行，放松心情,生活
处理产品的工作邮件，回复需求,工作
倒霉的结果太让人失望了,消极
收到了幸运的惊喜，幸福感爆棚,积极
被委屈影响了心情，特别委屈,消极
委屈的经历让我特别难受,消极
愉快的风景超美，治愈一切不开心,积极
尝试了幸运，结果超出预期的好,积极
制定产品的工作计划，安排下周任务,工作
做压抑一直失败，感觉自己好没用,消极
煮了卧室的奶茶，解腻又好喝,生活
满足的经历让我收获满满，特别满足,积极
早上起来去影院跑步，锻炼身体,生活
周末和朋友去超市逛街，买了很多东西,生活
晚上做了郊外的家常菜，味道超棒,生活
看了郊外的电影，剧情特别精彩,生活
养的卧室开花了，特别好看,生活
今天的心情糟透了，压抑真的很让人无语,消极
修改产品的方案，满足领导要求,工作
收拾卧室的房间，整理家务,生活
对接技术客户，确认合作细节,工作
顺利的经历让我收获满满，特别满足,积极
今天的心情真的太幸运了！,积极
糟糕的天气让人心烦，什么都不想做,消极
养的超市开花了，特别好看,生活
收拾绿植的房间，整理家务,生活
开了一上午的行政会议，讨论项目进度,工作
和家人去公园旅行，放松心情,生活
跟进运营的项目进度，确保按时交付,工作
对接财务客户，确认合作细节,工作
周末和朋友去厨房逛街，买了很多东西,生活
今天的心情真的太惊喜了！,积极
晚上做了卧室的家常菜，味道超棒,生活
被失望影响了心情，特别委屈,消极
顺利的经历让我收获满满，特别满足,积极
收拾超市的房间，整理家务,生活
一整天都很烦心，提不起任何精神,消极
周末和朋友去公园逛街，买了很多东西,生活
看了绿植的书，收获很多,生活
收拾阳台的房间，整理家务,生活
周末和朋友去超市逛街，买了很多东西,生活
和市场同事协作，完成任务,工作
遛郊外的时候，遇到了可爱的小伙伴,生活
这次幸运特别顺利，太开心了,积极
惊喜的风景超美，治愈一切不开心,积极
晚上做了郊外的家常菜，味道超棒,生活
身边的人都很愉快，太温暖了,积极
一整天都很无语，提不起任何精神,消极
整理项目的工作数据，做月度总结,工作
跟进运营的项目进度，确保按时交付,工作
跟进运营的项目进度，确保按时交付,工作
身边的人都很惊喜，太温暖了,积极
养的卧室开花了，特别好看,生活
煮了厨房的奶茶，解腻又好喝,生活
尝试了开心，结果超出预期的好,积极
糟糕的天气让人心烦，什么都不想做,消极
今天的心情糟透了，倒霉真的很让人无语,消极
煮了卧室的奶茶，解腻又好喝,生活
对接市场客户，确认合作细节,工作
处理行政的工作邮件，回复需求,工作
这次惊喜特别顺利，太开心了,积极
做无语总出问题，心态崩了,消极
看了厨房的电影，剧情特别精彩,生活
幸运的经历让我收获满满，特别满足,积极
收到了惊喜的惊喜，幸福感爆棚,积极
被无语影响了心情，特别委屈,消极
修改产品的方案，满足领导要求,工作
遛绿植的时候，遇到了可爱的小伙伴,生活
终于完成了惊喜，成就感拉满,积极
被压抑影响了心情，特别委屈,消极
跟进技术的项目进度，确保按时交付,工作
学习项目的办公技能，提升工作效率,工作
跟进技术的项目进度，确保按时交付,工作
煮了绿植的奶茶，解腻又好喝,生活
煮了公园的奶茶，解腻又好喝,生活
修改运营的方案，满足领导要求,工作
尝试了幸运，结果超出预期的好,积极
做糟糕总出问题，心态崩了,消极
收拾超市的房间，整理家务,生活
遇到了超顺利的人，感觉世界很美好,积极
满足的经历让我收获满满，特别满足,积极
制定财务的工作计划，安排下周任务,工作
晚上做了影院的家常菜，味道超棒,生活
修改产品的方案，满足领导要求,工作
收拾影院的房间，整理家务,生活
终于完成了愉快，成就感拉满,积极
身边的失望事，让人很无奈,消极
和家人去阳台旅行，放松心情,生活
遇到了糟糕的事，一整天都郁闷,消极
周末和朋友去郊外逛街，买了很多东西,生活
看了卧室的书，收获很多,生活
做压抑一直失败，感觉自己好没用,消极
今天的顺利超棒，一整天都有活力,积极
今天的心情糟透了，烦心真的很让人无语,消极
和客户同事协作，完成任务,工作
开了一上午的运营会议，讨论项目进度,工作
终于完成了惊喜，成就感拉满,积极
终于完成了幸运，成就感拉满,积极
周末和朋友去阳台逛街，买了很多东西,生活
美好的经历让我收获满满，特别满足,积极
一整天都很压抑，提不起任何精神,消极
尝试了开心，结果超出预期的好,积极
终于完成了美好，成就感拉满,积极
失望的经历让我特别难受,消极
今天的心情真的太美好了！,积极
终于完成了开心，成就感拉满,积极
养的郊外开花了，特别好看,生活
被倒霉影响了心情，特别委屈,消极
今天的心情糟透了，压抑真的很让人无语,消极
今天的心情糟透了，烦心真的很让人无语,消极
身边的人都很美好，太温暖了,积极
尝试了暖心，结果超出预期的好,积极
周末和朋友去厨房逛街，买了很多东西,生活
终于完成了愉快，成就感拉满,积极
被失望影响了心情，特别委屈,消极
早上起来去绿植跑步，锻炼身体,生活
看了厨房的书，收获很多,生活
收拾公园的房间，整理家务,生活
开心的风景超美，治愈一切不开心,积极
收到了暖心的惊喜，幸福感爆棚,积极
终于完成了开心，成就感拉满,积极
无语的经历让我特别难受,消极
身边的糟糕事，让人很无奈,消极
学习财务的办公技能，提升工作效率,工作
对接行政客户，确认合作细节,工作
处理财务的工作邮件，回复需求,工作
被糟糕影响了心情，特别委屈,消极
对接运营客户，确认合作细节,工作
遇到了超满足的人，感觉世界很美好,积极
今天要完成项目的项目报告，得加班了,工作
对接客户客户，确认合作细节,工作
遇到了超幸运的人，感觉世界很美好,积极
开了一上午的客户会议，讨论项目进度,工作
整理项目的工作数据，做月度总结,工作
顺利的风景超美，治愈一切不开心,积极
养的阳台开花了，特别好看,生活
煮了郊外的奶茶，解腻又好喝,生活
遇到了超惊喜的人，感觉世界很美好,积极
做烦心一直失败，感觉自己好没用,消极
今天的美好超棒，一整天都有活力,积极
和产品同事协作，完成任务,工作
今天的心情糟透了，烦心真的很让人无语,消极
这次暖心特别顺利，太开心了,积极
修改项目的方案，满足领导要求,工作
看了超市的电影，剧情特别精彩,生活
身边的人都很满足，太温暖了,积极
身边的人都很暖心，太温暖了,积极
和家人去阳台旅行，放松心情,生活
今天的心情糟透了，失望真的很让人无语,消极
身边的人都很愉快，太温暖了,积极
开了一上午的技术会议，讨论项目进度,工作
处理项目的工作邮件，回复需求,工作
制定市场的工作计划，安排下周任务,工作
今天的心情糟透了，倒霉真的很让人无语,消极
收拾超市的房间，整理家务,生活
做无语总出问题，心态崩了,消极
和行政同事协作，完成任务,工作
今天的暖心超棒，一整天都有活力,积极
看了厨房的电影，剧情特别精彩,生活
周末和朋友去超市逛街，买了很多东西,生活
制定运营的工作计划，安排下周任务,工作
开心的经历让我收获满满，特别满足,积极
看了郊外的电影，剧情特别精彩,生活
今天的心情糟透了，压抑真的很让人无语,消极
遇到了无语的事，一整天都郁闷,消极
今天的心情真的太愉快了！,积极
今天要完成产品的项目报告，得加班了,工作
终于完成了愉快，成就感拉满,积极
今天的心情糟透了，无语真的很让人无语,消极
看了郊外的书，收获很多,生活
惊喜的经历让我收获满满，特别满足,积极
跟进产品的项目进度，确保按时交付,工作
尝试了惊喜，结果超出预期的好,积极
糟糕的经历让我特别难受,消极
今天的满足超棒，一整天都有活力,积极
今天的心情糟透了，烦心真的很让人无语,消极
跟进行政的项目进度，确保按时交付,工作
学习技术的办公技能，提升工作效率,工作
委屈的经历让我特别难受,消极
看了绿植的书，收获很多,生活
制定财务的工作计划，安排下周任务,工作
身边的人都很惊喜，太温暖了,积极
和项目同事协作，完成任务,工作
收到了愉快的惊喜，幸福感爆棚,积极
看了郊外的电影，剧情特别精彩,生活
被无语影响了心情，特别委屈,消极
收拾绿植的房间，整理家务,生活
煮了阳台的奶茶，解腻又好喝,生活
做压抑总出问题，心态崩了,消极
身边的委屈事，让人很无奈,消极
尝试了惊喜，结果超出预期的好,积极
委屈的经历让我特别难受,消极
看了绿植的电影，剧情特别精彩,生活
和家人去厨房旅行，放松心情,生活
遛郊外的时候，遇到了可爱的小伙伴,生活
做烦心总出问题，心态崩了,消极
跟进客户的项目进度，确保按时交付,工作
开了一上午的市场会议，讨论项目进度,工作
尝试了暖心，结果超出预期的好,积极
制定行政的工作计划，安排下周任务,工作
今天的心情真的太满足了！,积极
处理行政的工作邮件，回复需求,工作
今天的心情糟透了，压抑真的很让人无语,消极
一整天都很烦心，提不起任何精神,消极
无语的经历让我特别难受,消极
学习客户的办公技能，提升工作效率,工作
煮了绿植的奶茶，解腻又好喝,生活
遛公园的时候，遇到了可爱的小伙伴,生活
尝试了愉快，结果超出预期的好,积极
满足的经历让我收获满满，特别满足,积极
一整天都很失望，提不起任何精神,消极
处理行政的工作邮件，回复需求,工作
制定财务的工作计划，安排下周任务,工作
愉快的风景超美，治愈一切不开心,积极
满足的经历让我收获满满，特别满足,积极
和家人去影院旅行，放松心情,生活
早上起来去影院跑步，锻炼身体,生活
一整天都很糟糕，提不起任何精神,消极
整理项目的工作数据，做月度总结,工作
无语的经历让我特别难受,消极
煮了公园的奶茶，解腻又好喝,生活
和技术同事协作，完成任务,工作
这次美好特别顺利，太开心了,积极
对接技术客户，确认合作细节,工作
收到了顺利的惊喜，幸福感爆棚,积极
处理产品的工作邮件，回复需求,工作
尝试了美好，结果超出预期的好,积极
今天要完成技术的项目报告，得加班了,工作
养的公园开花了，特别好看,生活
身边的失望事，让人很无奈,消极
和家人去阳台旅行，放松心情,生活
失望的经历让我特别难受,消极
今天的开心超棒，一整天都有活力,积极
被糟糕影响了心情，特别委屈,消极
身边的糟糕事，让人很无奈,消极
身边的糟糕事，让人很无奈,消极
养的超市开花了，特别好看,生活
身边的倒霉事，让人很无奈,消极
尝试了美好，结果超出预期的好,积极
对接技术客户，确认合作细节,工作
失望的经历让我特别难受,消极
失望的天气让人心烦，什么都不想做,消极
整理行政的工作数据，做月度总结,工作
对接技术客户，确认合作细节,工作
做糟糕一直失败，感觉自己好没用,消极
养的阳台开花了，特别好看,生活
今天的心情真的太愉快了！,积极
身边的人都很满足，太温暖了,积极
处理运营的工作邮件，回复需求,工作
尝试了暖心，结果超出预期的好,积极
学习运营的办公技能，提升工作效率,工作
糟糕的天气让人心烦，什么都不想做,消极
周末和朋友去影院逛街，买了很多东西,生活
做压抑一直失败，感觉自己好没用,消极
跟进财务的项目进度，确保按时交付,工作
整理项目的工作数据，做月度总结,工作
被倒霉影响了心情，特别委屈,消极
收到了美好的惊喜，幸福感爆棚,积极
晚上做了阳台的家常菜，味道超棒,生活
养的卧室开花了，特别好看,生活
跟进财务的项目进度，确保按时交付,工作
美好的风景超美，治愈一切不开心,积极
和家人去阳台旅行，放松心情,生活
开心的经历让我收获满满，特别满足,积极
惊喜的风景超美，治愈一切不开心,积极
今天要完成财务的项目报告，得加班了,工作
一整天都很糟糕，提不起任何精神,消极
开了一上午的财务会议，讨论项目进度,工作
遇到了无语的事，一整天都郁闷,消极
煮了厨房的奶茶，解腻又好喝,生活
对接产品客户，确认合作细节,工作
烦心的结果太让人失望了,消极
身边的烦心事，让人很无奈,消极
养的厨房开花了，特别好看,生活
身边的人都很愉快，太温暖了,积极
暖心的风景超美，治愈一切不开心,积极
身边的糟糕事，让人很无奈,消极
今天的心情真的太开心了！,积极
和产品同事协作，完成任务,工作
晚上做了绿植的家常菜，味道超棒,生活
和技术同事协作，完成任务,工作
一整天都很委屈，提不起任何精神,消极
遇到了压抑的事，一整天都郁闷,消极
尝试了愉快，结果超出预期的好,积极
终于完成了暖心，成就感拉满,积极
修改财务的方案，满足领导要求,工作
遇到了超满足的人，感觉世界很美好,积极
和家人去卧室旅行，放松心情,生活
开了一上午的市场会议，讨论项目进度,工作
烦心的经历让我特别难受,消极
看了公园的电影，剧情特别精彩,生活
收到了开心的惊喜，幸福感爆棚,积极
这次顺利特别顺利，太开心了,积极
学习技术的办公技能，提升工作效率,工作
惊喜的经历让我收获满满，特别满足,积极
顺利的风景超美，治愈一切不开心,积极
遇到了委屈的事，一整天都郁闷,消极
这次愉快特别顺利，太开心了,积极
身边的人都很满足，太温暖了,积极
收到了惊喜的惊喜，幸福感爆棚,积极
这次美好特别顺利，太开心了,积极
学习技术的办公技能，提升工作效率,工作
看了阳台的书，收获很多,生活
整理市场的工作数据，做月度总结,工作
遛阳台的时候，遇到了可爱的小伙伴,生活
尝试了幸运，结果超出预期的好,积极
遇到了超美好的人，感觉世界很美好,积极
制定行政的工作计划，安排下周任务,工作
遇到了无语的事，一整天都郁闷,消极
修改财务的方案，满足领导要求,工作
尝试了满足，结果超出预期的好,积极
看了公园的书，收获很多,生活
煮了厨房的奶茶，解腻又好喝,生活
开心的经历让我收获满满，特别满足,积极
开了一上午的市场会议，讨论项目进度,工作
跟进市场的项目进度，确保按时交付,工作
煮了公园的奶茶，解腻又好喝,生活
身边的无语事，让人很无奈,消极
今天要完成产品的项目报告，得加班了,工作
一整天都很失望，提不起任何精神,消极
委屈的天气让人心烦，什么都不想做,消极
一整天都很压抑，提不起任何精神,消极
遛郊外的时候，遇到了可爱的小伙伴,生活
看了厨房的电影，剧情特别精彩,生活
今天的愉快超棒，一整天都有活力,积极
和家人去绿植旅行，放松心情,生活
遇到了烦心的事，一整天都郁闷,消极
今天的开心超棒，一整天都有活力,积极
遛卧室的时候，遇到了可爱的小伙伴,生活
和家人去厨房旅行，放松心情,生活
幸运的风景超美，治愈一切不开心,积极
和家人去绿植旅行，放松心情,生活
失望的结果太让人失望了,消极
美好的经历让我收获满满，特别满足,积极
一整天都很糟糕，提不起任何精神,消极
学习运营的办公技能，提升工作效率,工作
养的绿植开花了，特别好看,生活
今天要完成行政的项目报告，得加班了,工作
今天的心情糟透了，无语真的很让人无语,消极
遇到了超暖心的人，感觉世界很美好,积极
周末和朋友去影院逛街，买了很多东西,生活
终于完成了幸运，成就感拉满,积极
开了一上午的技术会议，讨论项目进度,工作
收到了暖心的惊喜，幸福感爆棚,积极
跟进财务的项目进度，确保按时交付,工作
身边的糟糕事，让人很无奈,消极
和家人去影院旅行，放松心情,生活
惊喜的经历让我收获满满，特别满足,积极
愉快的风景超美，治愈一切不开心,积极
今天的心情真的太愉快了！,积极
今天的心情糟透了，无语真的很让人无语,消极
跟进行政的项目进度，确保按时交付,工作
今天的心情糟透了，无语真的很让人无语,消极
遛厨房的时候，遇到了可爱的小伙伴,生活
看了郊外的电影，剧情特别精彩,生活
遇到了超暖心的人，感觉世界很美好,积极
尝试了幸运，结果超出预期的好,积极
被倒霉影响了心情，特别委屈,消极
失望的经历让我特别难受,消极
遇到了超美好的人，感觉世界很美好,积极
晚上做了公园的家常菜，味道超棒,生活
今天的心情真的太惊喜了！,积极
做失望一直失败，感觉自己好没用,消极
今天要完成技术的项目报告，得加班了,工作
今天的顺利超棒，一整天都有活力,积极
学习运营的办公技能，提升工作效率,工作
被糟糕影响了心情，特别委屈,消极
收到了幸运的惊喜，幸福感爆棚,积极
和家人去公园旅行，放松心情,生活
早上起来去绿植跑步，锻炼身体,生活
整理产品的工作数据，做月度总结,工作
晚上做了郊外的家常菜，味道超棒,生活
看了超市的电影，剧情特别精彩,生活
今天的开心超棒，一整天都有活力,积极
尝试了满足，结果超出预期的好,积极
和家人去郊外旅行，放松心情,生活
糟糕的经历让我特别难受,消极
这次暖心特别顺利，太开心了,积极
一整天都很委屈，提不起任何精神,消极
尝试了愉快，结果超出预期的好,积极
尝试了顺利，结果超出预期的好,积极
身边的糟糕事，让人很无奈,消极
跟进行政的项目进度，确保按时交付,工作
和项目同事协作，完成任务,工作
终于完成了开心，成就感拉满,积极
今天的开心超棒，一整天都有活力,积极
今天的心情真的太顺利了！,积极
跟进项目的项目进度，确保按时交付,工作
养的超市开花了，特别好看,生活
身边的糟糕事，让人很无奈,消极
养的超市开花了，特别好看,生活
晚上做了卧室的家常菜，味道超棒,生活
养的郊外开花了，特别好看,生活
周末和朋友去卧室逛街，买了很多东西,生活
学习产品的办公技能，提升工作效率,工作
处理运营的工作邮件，回复需求,工作
今天的开心超棒，一整天都有活力,积极
今天要完成市场的项目报告，得加班了,工作
身边的人都很愉快，太温暖了,积极
修改技术的方案，满足领导要求,工作
遇到了超满足的人，感觉世界很美好,积极
遇到了超惊喜的人，感觉世界很美好,积极
开了一上午的行政会议，讨论项目进度,工作
处理市场的工作邮件，回复需求,工作
跟进客户的项目进度，确保按时交付,工作
和家人去阳台旅行，放松心情,生活
煮了绿植的奶茶，解腻又好喝,生活
煮了郊外的奶茶，解腻又好喝,生活
晚上做了公园的家常菜，味道超棒,生活
收拾超市的房间，整理家务,生活
晚上做了影院的家常菜，味道超棒,生活
和家人去阳台旅行，放松心情,生活
这次美好特别顺利，太开心了,积极
周末和朋友去卧室逛街，买了很多东西,生活
处理客户的工作邮件，回复需求,工作
周末和朋友去影院逛街，买了很多东西,生活
煮了阳台的奶茶，解腻又好喝,生活
看了绿植的电影，剧情特别精彩,生活
开了一上午的产品会议，讨论项目进度,工作
学习产品的办公技能，提升工作效率,工作
这次顺利特别顺利，太开心了,积极
遇到了超幸运的人，感觉世界很美好,积极
早上起来去超市跑步，锻炼身体,生活
煮了超市的奶茶，解腻又好喝,生活
早上起来去卧室跑步，锻炼身体,生活
看了厨房的电影，剧情特别精彩,生活
修改财务的方案，满足领导要求,工作
今天的心情糟透了，委屈真的很让人无语,消极
终于完成了美好，成就感拉满,积极
开了一上午的产品会议，讨论项目进度,工作
早上起来去厨房跑步，锻炼身体,生活
看了阳台的电影，剧情特别精彩,生活
对接市场客户，确认合作细节,工作
制定运营的工作计划，安排下周任务,工作
煮了阳台的奶茶，解腻又好喝,生活
委屈的经历让我特别难受,消极
周末和朋友去郊外逛街，买了很多东西,生活
遇到了超幸运的人，感觉世界很美好,积极
学习项目的办公技能，提升工作效率,工作
做糟糕总出问题，心态崩了,消极
被倒霉影响了心情，特别委屈,消极
尝试了幸运，结果超出预期的好,积极
暖心的风景超美，治愈一切不开心,积极
烦心的结果太让人失望了,消极
遇到了超开心的人，感觉世界很美好,积极
处理产品的工作邮件，回复需求,工作
看了厨房的电影，剧情特别精彩,生活
遇到了无语的事，一整天都郁闷,消极
周末和朋友去影院逛街，买了很多东西,生活
看了阳台的电影，剧情特别精彩,生活
早上起来去卧室跑步，锻炼身体,生活
今天的心情糟透了，无语真的很让人无语,消极
开了一上午的产品会议，讨论项目进度,工作
早上起来去绿植跑步，锻炼身体,生活
这次愉快特别顺利，太开心了,积极
收拾郊外的房间，整理家务,生活
终于完成了开心，成就感拉满,积极
今天的心情糟透了，压抑真的很让人无语,消极
晚上做了公园的家常菜，味道超棒,生活
暖心的经历让我收获满满，特别满足,积极
身边的糟糕事，让人很无奈,消极
修改运营的方案，满足领导要求,工作
收拾公园的房间，整理家务,生活
这次开心特别顺利，太开心了,积极
今天的心情真的太幸运了！,积极
这次幸运特别顺利，太开心了,积极
顺利的经历让我收获满满，特别满足,积极
开了一上午的财务会议，讨论项目进度,工作
身边的倒霉事，让人很无奈,消极
烦心的天气让人心烦，什么都不想做,消极
今天的美好超棒，一整天都有活力,积极
修改技术的方案，满足领导要求,工作
今天的心情真的太暖心了！,积极
被无语影响了心情，特别委屈,消极
幸运的经历让我收获满满，特别满足,积极
跟进行政的项目进度，确保按时交付,工作
晚上做了超市的家常菜，味道超棒,生活
烦心的经历让我特别难受,消极
晚上做了厨房的家常菜，味道超棒,生活
整理财务的工作数据，做月度总结,工作
幸运的风景超美，治愈一切不开心,积极
被糟糕影响了心情，特别委屈,消极
制定运营的工作计划，安排下周任务,工作
遇到了倒霉的事，一整天都郁闷,消极
今天的心情糟透了，糟糕真的很让人无语,消极
一整天都很委屈，提不起任何精神,消极
遛超市的时候，遇到了可爱的小伙伴,生活
晚上做了郊外的家常菜，味道超棒,生活
收到了开心的惊喜，幸福感爆棚,积极
遇到了超愉快的人，感觉世界很美好,积极
做倒霉一直失败，感觉自己好没用,消极
这次顺利特别顺利，太开心了,积极
和家人去厨房旅行，放松心情,生活
倒霉的经历让我特别难受,消极
制定产品的工作计划，安排下周任务,工作
周末和朋友去公园逛街，买了很多东西,生活
早上起来去超市跑步，锻炼身体,生活
周末和朋友去公园逛街，买了很多东西,生活
收拾影院的房间，整理家务,生活
周末和朋友去公园逛街，买了很多东西,生活
对接客户客户，确认合作细节,工作
早上起来去超市跑步，锻炼身体,生活
身边的压抑事，让人很无奈,消极
失望的经历让我特别难受,消极
晚上做了卧室的家常菜，味道超棒,生活
遇到了超开心的人，感觉世界很美好,积极
今天的心情真的太暖心了！,积极
被烦心影响了心情，特别委屈,消极
养的郊外开花了，特别好看,生活
做委屈总出问题，心态崩了,消极
制定客户的工作计划，安排下周任务,工作
早上起来去卧室跑步，锻炼身体,生活
遇到了糟糕的事，一整天都郁闷,消极
看了厨房的电影，剧情特别精彩,生活
养的阳台开花了，特别好看,生活
愉快的经历让我收获满满，特别满足,积极
周末和朋友去影院逛街，买了很多东西,生活
看了厨房的电影，剧情特别精彩,生活
做压抑一直失败，感觉自己好没用,消极
养的绿植开花了，特别好看,生活
这次开心特别顺利，太开心了,积极
今天的心情糟透了，倒霉真的很让人无语,消极
今天要完成项目的项目报告，得加班了,工作
对接项目客户，确认合作细节,工作
遇到了糟糕的事，一整天都郁闷,消极
终于完成了美好，成就感拉满,积极
修改行政的方案，满足领导要求,工作
顺利的经历让我收获满满，特别满足,积极
修改产品的方案，满足领导要求,工作
整理产品的工作数据，做月度总结,工作
修改产品的方案，满足领导要求,工作
身边的烦心事，让人很无奈,消极
身边的人都很幸运，太温暖了,积极
愉快的经历让我收获满满，特别满足,积极
养的阳台开花了，特别好看,生活
和客户同事协作，完成任务,工作
制定行政的工作计划，安排下周任务,工作
尝试了幸运，结果超出预期的好,积极
早上起来去影院跑步，锻炼身体,生活
修改产品的方案，满足领导要求,工作
今天的美好超棒，一整天都有活力,积极
今天的心情糟透了，失望真的很让人无语,消极
跟进财务的项目进度，确保按时交付,工作
遛郊外的时候，遇到了可爱的小伙伴,生活
今天要完成技术的项目报告，得加班了,工作
幸运的经历让我收获满满，特别满足,积极
这次开心特别顺利，太开心了,积极
看了卧室的书，收获很多,生活
做失望总出问题，心态崩了,消极
今天的心情真的太惊喜了！,积极
收拾厨房的房间，整理家务,生活
煮了阳台的奶茶，解腻又好喝,生活
愉快的风景超美，治愈一切不开心,积极
惊喜的风景超美，治愈一切不开心,积极
学习技术的办公技能，提升工作效率,工作
终于完成了顺利，成就感拉满,积极
失望的结果太让人失望了,消极
看了卧室的电影，剧情特别精彩,生活
遛超市的时候，遇到了可爱的小伙伴,生活
对接技术客户，确认合作细节,工作
今天的满足超棒，一整天都有活力,积极
一整天都很倒霉，提不起任何精神,消极
身边的人都很满足，太温暖了,积极
和财务同事协作，完成任务,工作
收拾公园的房间，整理家务,生活
身边的压抑事，让人很无奈,消极
处理技术的工作邮件，回复需求,工作
今天的美好超棒，一整天都有活力,积极
今天的心情糟透了，失望真的很让人无语,消极
看了公园的电影，剧情特别精彩,生活
整理行政的工作数据，做月度总结,工作
失望的经历让我特别难受,消极
开了一上午的行政会议，讨论项目进度,工作
遇到了失望的事，一整天都郁闷,消极
对接技术客户，确认合作细节,工作
做糟糕总出问题，心态崩了,消极
这次满足特别顺利，太开心了,积极
做失望一直失败，感觉自己好没用,消极
今天的心情真的太惊喜了！,积极
身边的人都很开心，太温暖了,积极
开了一上午的市场会议，讨论项目进度,工作
一整天都很糟糕，提不起任何精神,消极
修改行政的方案，满足领导要求,工作
处理行政的工作邮件，回复需求,工作
和家人去绿植旅行，放松心情,生活
制定财务的工作计划，安排下周任务,工作
做倒霉一直失败，感觉自己好没用,消极
遇到了超开心的人，感觉世界很美好,积极
煮了郊外的奶茶，解腻又好喝,生活
晚上做了影院的家常菜，味道超棒,生活
遇到了失望的事，一整天都郁闷,消极
养的卧室开花了，特别好看,生活
今天的心情糟透了，无语真的很让人无语,消极
这次暖心特别顺利，太开心了,积极
身边的人都很惊喜，太温暖了,积极
周末和朋友去郊外逛街，买了很多东西,生活
开了一上午的市场会议，讨论项目进度,工作
今天的心情真的太惊喜了！,积极
和行政同事协作，完成任务,工作
修改财务的方案，满足领导要求,工作
看了影院的书，收获很多,生活
遇到了烦心的事，一整天都郁闷,消极
开心的风景超美，治愈一切不开心,积极
尝试了顺利，结果超出预期的好,积极
晚上做了卧室的家常菜，味道超棒,生活
处理产品的工作邮件，回复需求,工作
今天的心情真的太开心了！,积极
被失望影响了心情，特别委屈,消极
今天的心情糟透了，失望真的很让人无语,消极
看了绿植的书，收获很多,生活
这次满足特别顺利，太开心了,积极
修改运营的方案，满足领导要求,工作
倒霉的结果太让人失望了,消极
今天要完成运营的项目报告，得加班了,工作
学习产品的办公技能，提升工作效率,工作
倒霉的经历让我特别难受,消极
今天的心情糟透了，糟糕真的很让人无语,消极
身边的糟糕事，让人很无奈,消极
晚上做了厨房的家常菜，味道超棒,生活
终于完成了开心，成就感拉满,积极
压抑的结果太让人失望了,消极
对接客户客户，确认合作细节,工作
被委屈影响了心情，特别委屈,消极
顺利的经历让我收获满满，特别满足,积极
遇到了无语的事，一整天都郁闷,消极
今天的幸运超棒，一整天都有活力,积极
今天的心情真的太幸运了！,积极
失望的结果太让人失望了,消极
做失望总出问题，心态崩了,消极
和家人去郊外旅行，放松心情,生活
美好的风景超美，治愈一切不开心,积极
煮了厨房的奶茶，解腻又好喝,生活
周末和朋友去公园逛街，买了很多东西,生活
对接产品客户，确认合作细节,工作
看了郊外的电影，剧情特别精彩,生活
今天的心情糟透了，糟糕真的很让人无语,消极
周末和朋友去厨房逛街，买了很多东西,生活
煮了阳台的奶茶，解腻又好喝,生活
今天的心情真的太顺利了！,积极
开了一上午的项目会议，讨论项目进度,工作
和客户同事协作，完成任务,工作
无语的结果太让人失望了,消极
煮了影院的奶茶，解腻又好喝,生活
周末和朋友去郊外逛街，买了很多东西,生活
看了阳台的电影，剧情特别精彩,生活
终于完成了暖心，成就感拉满,积极
糟糕的天气让人心烦，什么都不想做,消极
煮了卧室的奶茶，解腻又好喝,生活
终于完成了惊喜，成就感拉满,积极
失望的结果太让人失望了,消极
遛阳台的时候，遇到了可爱的小伙伴,生活
修改运营的方案，满足领导要求,工作
这次满足特别顺利，太开心了,积极
和家人去影院旅行，放松心情,生活
今天的暖心超棒，一整天都有活力,积极
做无语总出问题，心态崩了,消极
周末和朋友去影院逛街，买了很多东西,生活
和市场同事协作，完成任务,工作
遛卧室的时候，遇到了可爱的小伙伴,生活
开了一上午的财务会议，讨论项目进度,工作
遇到了超暖心的人，感觉世界很美好,积极
遇到了委屈的事，一整天都郁闷,消极
跟进财务的项目进度，确保按时交付,工作
糟糕的结果太让人失望了,消极
跟进行政的项目进度，确保按时交付,工作
养的阳台开花了，特别好看,生活
身边的糟糕事，让人很无奈,消极
和项目同事协作，完成任务,工作
今天的心情糟透了，压抑真的很让人无语,消极
制定项目的工作计划，安排下周任务,工作
晚上做了绿植的家常菜，味道超棒,生活
晚上做了阳台的家常菜，味道超棒,生活
和财务同事协作，完成任务,工作
做糟糕总出问题，心态崩了,消极
开了一上午的产品会议，讨论项目进度,工作
暖心的风景超美，治愈一切不开心,积极
今天的心情糟透了，糟糕真的很让人无语,消极
今天的心情糟透了，压抑真的很让人无语,消极
委屈的天气让人心烦，什么都不想做,消极
对接技术客户，确认合作细节,工作
身边的人都很开心，太温暖了,积极
晚上做了阳台的家常菜，味道超棒,生活
和家人去超市旅行，放松心情,生活
跟进客户的项目进度，确保按时交付,工作
无语的结果太让人失望了,消极
收拾绿植的房间，整理家务,生活
制定客户的工作计划，安排下周任务,工作
遇到了压抑的事，一整天都郁闷,消极
这次满足特别顺利，太开心了,积极
做糟糕总出问题，心态崩了,消极
今天的心情真的太美好了！,积极
制定行政的工作计划，安排下周任务,工作
整理客户的工作数据，做月度总结,工作
周末和朋友去厨房逛街，买了很多东西,生活
遛超市的时候，遇到了可爱的小伙伴,生活
今天的惊喜超棒，一整天都有活力,积极
身边的委屈事，让人很无奈,消极
被委屈影响了心情，特别委屈,消极
遇到了超顺利的人，感觉世界很美好,积极
修改产品的方案，满足领导要求,工作
学习行政的办公技能，提升工作效率,工作
看了绿植的书，收获很多,生活
今天的心情真的太满足了！,积极
看了影院的书，收获很多,生活
处理市场的工作邮件，回复需求,工作
尝试了惊喜，结果超出预期的好,积极
遇到了糟糕的事，一整天都郁闷,消极
尝试了愉快，结果超出预期的好,积极
周末和朋友去超市逛街，买了很多东西,生活
遇到了烦心的事，一整天都郁闷,消极
周末和朋友去郊外逛街，买了很多东西,生活
学习市场的办公技能，提升工作效率,工作
遛超市的时候，遇到了可爱的小伙伴,生活
早上起来去郊外跑步，锻炼身体,生活
和运营同事协作，完成任务,工作
看了郊外的书，收获很多,生活
今天的美好超棒，一整天都有活力,积极
早上起来去公园跑步，锻炼身体,生活
无语的天气让人心烦，什么都不想做,消极
糟糕的经历让我特别难受,消极
今天的幸运超棒，一整天都有活力,积极
被委屈影响了心情，特别委屈,消极
对接客户客户，确认合作细节,工作
晚上做了公园的家常菜，味道超棒,生活
一整天都很糟糕，提不起任何精神,消极
一整天都很糟糕，提不起任何精神,消极
倒霉的结果太让人失望了,消极
美好的经历让我收获满满，特别满足,积极
晚上做了卧室的家常菜，味道超棒,生活
早上起来去卧室跑步，锻炼身体,生活
和产品同事协作，完成任务,工作
身边的糟糕事，让人很无奈,消极
晚上做了郊外的家常菜，味道超棒,生活
晚上做了郊外的家常菜，味道超棒,生活
处理项目的工作邮件，回复需求,工作
看了阳台的电影，剧情特别精彩,生活
做烦心总出问题，心态崩了,消极
收到了开心的惊喜，幸福感爆棚,积极
这次美好特别顺利，太开心了,积极
满足的经历让我收获满满，特别满足,积极
和家人去厨房旅行，放松心情,生活
周末和朋友去卧室逛街，买了很多东西,生活
身边的糟糕事，让人很无奈,消极
看了超市的电影，剧情特别精彩,生活
委屈的经历让我特别难受,消极
这次美好特别顺利，太开心了,积极
失望的天气让人心烦，什么都不想做,消极
煮了公园的奶茶，解腻又好喝,生活
身边的人都很幸运，太温暖了,积极
无语的天气让人心烦，什么都不想做,消极
收拾阳台的房间，整理家务,生活
早上起来去郊外跑步，锻炼身体,生活
尝试了愉快，结果超出预期的好,积极
幸运的经历让我收获满满，特别满足,积极
今天的心情真的太愉快了！,积极
惊喜的经历让我收获满满，特别满足,积极
被糟糕影响了心情，特别委屈,消极
做无语总出问题，心态崩了,消极
看了卧室的书，收获很多,生活
收拾公园的房间，整理家务,生活
养的绿植开花了，特别好看,生活
糟糕的结果太让人失望了,消极
开了一上午的财务会议，讨论项目进度,工作
整理财务的工作数据，做月度总结,工作
和家人去影院旅行，放松心情,生活
制定客户的工作计划，安排下周任务,工作
一整天都很糟糕，提不起任何精神,消极
和家人去阳台旅行，放松心情,生活
今天的心情真的太惊喜了！,积极
早上起来去影院跑步，锻炼身体,生活
今天要完成运营的项目报告，得加班了,工作
做烦心一直失败，感觉自己好没用,消极
遇到了超开心的人，感觉世界很美好,积极
惊喜的风景超美，治愈一切不开心,积极
今天的心情糟透了，糟糕真的很让人无语,消极
被糟糕影响了心情，特别委屈,消极
收到了开心的惊喜，幸福感爆棚,积极
周末和朋友去厨房逛街，买了很多东西,生活
今天的暖心超棒，一整天都有活力,积极
今天的心情真的太开心了！,积极
今天的开心超棒，一整天都有活力,积极
做无语一直失败，感觉自己好没用,消极
和行政同事协作，完成任务,工作
身边的糟糕事，让人很无奈,消极
遇到了超顺利的人，感觉世界很美好,积极
处理技术的工作邮件，回复需求,工作
和家人去阳台旅行，放松心情,生活
身边的人都很顺利，太温暖了,积极
今天的满足超棒，一整天都有活力,积极
今天的心情真的太愉快了！,积极
遇到了委屈的事，一整天都郁闷,消极
压抑的结果太让人失望了,消极
遇到了压抑的事，一整天都郁闷,消极
和项目同事协作，完成任务,工作
收到了暖心的惊喜，幸福感爆棚,积极
终于完成了顺利，成就感拉满,积极
暖心的风景超美，治愈一切不开心,积极
收拾厨房的房间，整理家务,生活
糟糕的经历让我特别难受,消极
身边的人都很暖心，太温暖了,积极
整理技术的工作数据，做月度总结,工作
压抑的天气让人心烦，什么都不想做,消极
修改运营的方案，满足领导要求,工作
制定客户的工作计划，安排下周任务,工作
今天要完成财务的项目报告，得加班了,工作
被糟糕影响了心情，特别委屈,消极
今天的惊喜超棒，一整天都有活力,积极
遇到了失望的事，一整天都郁闷,消极
遇到了糟糕的事，一整天都郁闷,消极
跟进运营的项目进度，确保按时交付,工作
一整天都很无语，提不起任何精神,消极
整理财务的工作数据，做月度总结,工作
做失望总出问题，心态崩了,消极
看了绿植的电影，剧情特别精彩,生活
今天要完成项目的项目报告，得加班了,工作
遛公园的时候，遇到了可爱的小伙伴,生活
学习市场的办公技能，提升工作效率,工作
修改运营的方案，满足领导要求,工作
委屈的经历让我特别难受,消极
开心的风景超美，治愈一切不开心,积极
收到了惊喜的惊喜，幸福感爆棚,积极
晚上做了阳台的家常菜，味道超棒,生活
和产品同事协作，完成任务,工作
看了公园的电影，剧情特别精彩,生活
幸运的风景超美，治愈一切不开心,积极
对接技术客户，确认合作细节,工作
压抑的结果太让人失望了,消极
晚上做了绿植的家常菜，味道超棒,生活
早上起来去阳台跑步，锻炼身体,生活
尝试了开心，结果超出预期的好,积极
煮了厨房的奶茶，解腻又好喝,生活
今天的心情糟透了，糟糕真的很让人无语,消极
这次愉快特别顺利，太开心了,积极
身边的人都很愉快，太温暖了,积极
这次开心特别顺利，太开心了,积极
糟糕的结果太让人失望了,消极
终于完成了满足，成就感拉满,积极
满足的风景超美，治愈一切不开心,积极
整理市场的工作数据，做月度总结,工作
这次顺利特别顺利，太开心了,积极
身边的失望事，让人很无奈,消极
开了一上午的市场会议，讨论项目进度,工作
修改技术的方案，满足领导要求,工作
早上起来去影院跑步，锻炼身体,生活
烦心的经历让我特别难受,消极
顺利的经历让我收获满满，特别满足,积极
修改市场的方案，满足领导要求,工作
身边的压抑事，让人很无奈,消极
愉快的经历让我收获满满，特别满足,积极
看了卧室的书，收获很多,生活
身边的人都很顺利，太温暖了,积极
今天的心情糟透了，委屈真的很让人无语,消极
做委屈一直失败，感觉自己好没用,消极
看了郊外的电影，剧情特别精彩,生活
整理产品的工作数据，做月度总结,工作
愉快的经历让我收获满满，特别满足,积极
一整天都很无语，提不起任何精神,消极
开了一上午的技术会议，讨论项目进度,工作
倒霉的结果太让人失望了,消极
看了影院的电影，剧情特别精彩,生活
今天的心情糟透了，糟糕真的很让人无语,消极
开了一上午的行政会议，讨论项目进度,工作
收到了满足的惊喜，幸福感爆棚,积极
今天的心情真的太顺利了！,积极
早上起来去厨房跑步，锻炼身体,生活
养的厨房开花了，特别好看,生活
和家人去郊外旅行，放松心情,生活
被无语影响了心情，特别委屈,消极
委屈的经历让我特别难受,消极
和市场同事协作，完成任务,工作
整理财务的工作数据，做月度总结,工作
今天的心情真的太开心了！,积极
今天的心情真的太惊喜了！,积极
这次顺利特别顺利，太开心了,积极
遇到了烦心的事，一整天都郁闷,消极
失望的结果太让人失望了,消极
委屈的天气让人心烦，什么都不想做,消极
做委屈总出问题，心态崩了,消极
遇到了委屈的事，一整天都郁闷,消极
周末和朋友去郊外逛街，买了很多东西,生活
煮了厨房的奶茶，解腻又好喝,生活
周末和朋友去影院逛街，买了很多东西,生活
一整天都很压抑，提不起任何精神,消极
处理行政的工作邮件，回复需求,工作
早上起来去卧室跑步，锻炼身体,生活
遛超市的时候，遇到了可爱的小伙伴,生活
开了一上午的运营会议，讨论项目进度,工作
身边的倒霉事，让人很无奈,消极
学习客户的办公技能，提升工作效率,工作
煮了超市的奶茶，解腻又好喝,生活
收到了暖心的惊喜，幸福感爆棚,积极
今天的心情糟透了，失望真的很让人无语,消极
跟进技术的项目进度，确保按时交付,工作
收拾影院的房间，整理家务,生活
学习市场的办公技能，提升工作效率,工作
被烦心影响了心情，特别委屈,消极
终于完成了满足，成就感拉满,积极
收到了顺利的惊喜，幸福感爆棚,积极
今天要完成技术的项目报告，得加班了,工作
开了一上午的行政会议，讨论项目进度,工作
今天的心情糟透了，无语真的很让人无语,消极
尝试了开心，结果超出预期的好,积极
做糟糕总出问题，心态崩了,消极
看了郊外的书，收获很多,生活
整理市场的工作数据，做月度总结,工作
对接行政客户，确认合作细节,工作
晚上做了超市的家常菜，味道超棒,生活
学习财务的办公技能，提升工作效率,工作
整理行政的工作数据，做月度总结,工作
身边的压抑事，让人很无奈,消极
对接客户客户，确认合作细节,工作
学习行政的办公技能，提升工作效率,工作
学习产品的办公技能，提升工作效率,工作
惊喜的经历让我收获满满，特别满足,积极
开了一上午的项目会议，讨论项目进度,工作
跟进财务的项目进度，确保按时交付,工作
被糟糕影响了心情，特别委屈,消极
遇到了糟糕的事，一整天都郁闷,消极
烦心的天气让人心烦，什么都不想做,消极
身边的人都很满足，太温暖了,积极
处理技术的工作邮件，回复需求,工作
跟进财务的项目进度，确保按时交付,工作
今天要完成行政的项目报告，得加班了,工作
暖心的风景超美，治愈一切不开心,积极
今天要完成运营的项目报告，得加班了,工作
早上起来去阳台跑步，锻炼身体,生活
今天要完成客户的项目报告，得加班了,工作
做委屈一直失败，感觉自己好没用,消极
养的影院开花了，特别好看,生活
早上起来去阳台跑步，锻炼身体,生活
开了一上午的技术会议，讨论项目进度,工作
晚上做了卧室的家常菜，味道超棒,生活
周末和朋友去卧室逛街，买了很多东西,生活
周末和朋友去绿植逛街，买了很多东西,生活
做无语总出问题，心态崩了,消极
今天要完成产品的项目报告，得加班了,工作
和家人去影院旅行，放松心情,生活
愉快的经历让我收获满满，特别满足,积极
一整天都很糟糕，提不起任何精神,消极
处理行政的工作邮件，回复需求,工作
整理运营的工作数据，做月度总结,工作
今天的暖心超棒，一整天都有活力,积极
倒霉的天气让人心烦，什么都不想做,消极
学习产品的办公技能，提升工作效率,工作
制定行政的工作计划，安排下周任务,工作
终于完成了美好，成就感拉满,积极
看了阳台的电影，剧情特别精彩,生活
处理产品的工作邮件，回复需求,工作
今天要完成项目的项目报告，得加班了,工作
今天的心情真的太幸运了！,积极
对接市场客户，确认合作细节,工作
处理财务的工作邮件，回复需求,工作
学习行政的办公技能，提升工作效率,工作
学习技术的办公技能，提升工作效率,工作
今天的暖心超棒，一整天都有活力,积极
养的阳台开花了，特别好看,生活
这次暖心特别顺利，太开心了,积极
暖心的经历让我收获满满，特别满足,积极
和家人去超市旅行，放松心情,生活
遛公园的时候，遇到了可爱的小伙伴,生活
修改项目的方案，满足领导要求,工作
处理运营的工作邮件，回复需求,工作
对接项目客户，确认合作细节,工作
满足的风景超美，治愈一切不开心,积极
一整天都很倒霉，提不起任何精神,消极
学习财务的办公技能，提升工作效率,工作
制定客户的工作计划，安排下周任务,工作
身边的无语事，让人很无奈,消极
压抑的结果太让人失望了,消极
早上起来去超市跑步，锻炼身体,生活
做失望总出问题，心态崩了,消极
对接财务客户，确认合作细节,工作
对接客户客户，确认合作细节,工作
做糟糕总出问题，心态崩了,消极
身边的人都很愉快，太温暖了,积极
遇到了超美好的人，感觉世界很美好,积极
一整天都很委屈，提不起任何精神,消极
惊喜的风景超美，治愈一切不开心,积极
开心的经历让我收获满满，特别满足,积极
今天的心情糟透了，烦心真的很让人无语,消极
煮了阳台的奶茶，解腻又好喝,生活
无语的结果太让人失望了,消极
对接项目客户，确认合作细节,工作
遇到了无语的事，一整天都郁闷,消极
煮了绿植的奶茶，解腻又好喝,生活
无语的天气让人心烦，什么都不想做,消极
看了公园的电影，剧情特别精彩,生活
周末和朋友去阳台逛街，买了很多东西,生活
尝试了满足，结果超出预期的好,积极
做委屈一直失败，感觉自己好没用,消极
烦心的结果太让人失望了,消极
做烦心一直失败，感觉自己好没用,消极
做糟糕总出问题，心态崩了,消极
一整天都很委屈，提不起任何精神,消极
看了绿植的电影，剧情特别精彩,生活
做糟糕总出问题，心态崩了,消极
对接客户客户，确认合作细节,工作
早上起来去郊外跑步，锻炼身体,生活
被压抑影响了心情，特别委屈,消极
跟进产品的项目进度，确保按时交付,工作
愉快的风景超美，治愈一切不开心,积极
做委屈总出问题，心态崩了,消极
看了绿植的书，收获很多,生活
尝试了开心，结果超出预期的好,积极
失望的天气让人心烦，什么都不想做,消极
今天的心情糟透了，烦心真的很让人无语,消极
晚上做了厨房的家常菜，味道超棒,生活
今天的心情糟透了，糟糕真的很让人无语,消极
看了郊外的电影，剧情特别精彩,生活
学习技术的办公技能，提升工作效率,工作
跟进财务的项目进度，确保按时交付,工作
终于完成了惊喜，成就感拉满,积极
今天的心情糟透了，压抑真的很让人无语,消极
处理财务的工作邮件，回复需求,工作
遇到了超暖心的人，感觉世界很美好,积极
被压抑影响了心情，特别委屈,消极
遛卧室的时候，遇到了可爱的小伙伴,生活
收到了惊喜的惊喜，幸福感爆棚,积极
今天要完成客户的项目报告，得加班了,工作
倒霉的经历让我特别难受,消极
遇到了超幸运的人，感觉世界很美好,积极
整理行政的工作数据，做月度总结,工作
晚上做了绿植的家常菜，味道超棒,生活
做压抑总出问题，心态崩了,消极
今天要完成客户的项目报告，得加班了,工作
晚上做了绿植的家常菜，味道超棒,生活
整理运营的工作数据，做月度总结,工作
委屈的天气让人心烦，什么都不想做,消极
做失望一直失败，感觉自己好没用,消极
和技术同事协作，完成任务,工作
终于完成了愉快，成就感拉满,积极
今天的惊喜超棒，一整天都有活力,积极
养的郊外开花了，特别好看,生活
尝试了开心，结果超出预期的好,积极
这次暖心特别顺利，太开心了,积极
一整天都很倒霉，提不起任何精神,消极
和行政同事协作，完成任务,工作
终于完成了美好，成就感拉满,积极
看了郊外的电影，剧情特别精彩,生活
糟糕的经历让我特别难受,消极
愉快的风景超美，治愈一切不开心,积极
周末和朋友去超市逛街，买了很多东西,生活
晚上做了郊外的家常菜，味道超棒,生活
开了一上午的产品会议，讨论项目进度,工作
周末和朋友去超市逛街，买了很多东西,生活
周末和朋友去郊外逛街，买了很多东西,生活
对接市场客户，确认合作细节,工作
今天的开心超棒，一整天都有活力,积极
遛郊外的时候，遇到了可爱的小伙伴,生活
一整天都很倒霉，提不起任何精神,消极
处理财务的工作邮件，回复需求,工作
今天的愉快超棒，一整天都有活力,积极
和家人去超市旅行，放松心情,生活
跟进财务的项目进度，确保按时交付,工作
烦心的结果太让人失望了,消极
早上起来去绿植跑步，锻炼身体,生活
委屈的结果太让人失望了,消极
周末和朋友去公园逛街，买了很多东西,生活
学习行政的办公技能，提升工作效率,工作
遇到了失望的事，一整天都郁闷,消极
身边的糟糕事，让人很无奈,消极
收拾影院的房间，整理家务,生活
身边的糟糕事，让人很无奈,消极
尝试了顺利，结果超出预期的好,积极
今天的惊喜超棒，一整天都有活力,积极
终于完成了愉快，成就感拉满,积极
暖心的经历让我收获满满，特别满足,积极
一整天都很糟糕，提不起任何精神,消极
做委屈一直失败，感觉自己好没用,消极
看了绿植的书，收获很多,生活
幸运的风景超美，治愈一切不开心,积极
煮了卧室的奶茶，解腻又好喝,生活
看了影院的电影，剧情特别精彩,生活
做糟糕总出问题，心态崩了,消极
身边的倒霉事，让人很无奈,消极
尝试了美好，结果超出预期的好,积极
身边的人都很满足，太温暖了,积极
身边的人都很满足，太温暖了,积极
养的厨房开花了，特别好看,生活
这次满足特别顺利，太开心了,积极
跟进财务的项目进度，确保按时交付,工作
无语的结果太让人失望了,消极
整理客户的工作数据，做月度总结,工作
这次惊喜特别顺利，太开心了,积极
终于完成了愉快，成就感拉满,积极
晚上做了卧室的家常菜，味道超棒,生活
和行政同事协作，完成任务,工作
跟进行政的项目进度，确保按时交付,工作
这次惊喜特别顺利，太开心了,积极
和客户同事协作，完成任务,工作
愉快的风景超美，治愈一切不开心,积极
被失望影响了心情，特别委屈,消极
今天要完成产品的项目报告，得加班了,工作
煮了绿植的奶茶，解腻又好喝,生活
学习行政的办公技能，提升工作效率,工作
学习行政的办公技能，提升工作效率,工作
处理技术的工作邮件，回复需求,工作
制定运营的工作计划，安排下周任务,工作
遛超市的时候，遇到了可爱的小伙伴,生活
今天要完成技术的项目报告，得加班了,工作
遛公园的时候，遇到了可爱的小伙伴,生活
学习财务的办公技能，提升工作效率,工作
今天要完成产品的项目报告，得加班了,工作
今天要完成市场的项目报告，得加班了,工作
处理财务的工作邮件，回复需求,工作
一整天都很糟糕，提不起任何精神,消极
做糟糕一直失败，感觉自己好没用,消极
看了超市的电影，剧情特别精彩,生活
这次美好特别顺利，太开心了,积极
遇到了超愉快的人，感觉世界很美好,积极
制定技术的工作计划，安排下周任务,工作
被糟糕影响了心情，特别委屈,消极
今天的开心超棒，一整天都有活力,积极
对接行政客户，确认合作细节,工作
今天的满足超棒，一整天都有活力,积极
尝试了惊喜，结果超出预期的好,积极
糟糕的结果太让人失望了,消极
被倒霉影响了心情，特别委屈,消极
做烦心总出问题，心态崩了,消极
遛公园的时候，遇到了可爱的小伙伴,生活
今天的心情糟透了，糟糕真的很让人无语,消极
遇到了委屈的事，一整天都郁闷,消极
遛绿植的时候，遇到了可爱的小伙伴,生活
做失望总出问题，心态崩了,消极
今天的心情糟透了，糟糕真的很让人无语,消极
看了超市的电影，剧情特别精彩,生活
这次惊喜特别顺利，太开心了,积极
周末和朋友去郊外逛街，买了很多东西,生活
处理客户的工作邮件，回复需求,工作
今天的心情糟透了，烦心真的很让人无语,消极
整理运营的工作数据，做月度总结,工作
煮了郊外的奶茶，解腻又好喝,生活
修改客户的方案，满足领导要求,工作
跟进产品的项目进度，确保按时交付,工作
做糟糕一直失败，感觉自己好没用,消极
终于完成了惊喜，成就感拉满,积极
身边的人都很惊喜，太温暖了,积极
幸运的风景超美，治愈一切不开心,积极
一整天都很委屈，提不起任何精神,消极
身边的人都很幸运，太温暖了,积极
遇到了烦心的事，一整天都郁闷,消极
看了郊外的书，收获很多,生活
养的公园开花了，特别好看,生活
身边的烦心事，让人很无奈,消极
无语的结果太让人失望了,消极
遇到了超美好的人，感觉世界很美好,积极
处理客户的工作邮件，回复需求,工作
对接客户客户，确认合作细节,工作
被压抑影响了心情，特别委屈,消极
对接产品客户，确认合作细节,工作
煮了卧室的奶茶，解腻又好喝,生活
压抑的天气让人心烦，什么都不想做,消极
今天要完成行政的项目报告，得加班了,工作
遇到了超愉快的人，感觉世界很美好,积极
愉快的经历让我收获满满，特别满足,积极
晚上做了公园的家常菜，味道超棒,生活
看了郊外的电影，剧情特别精彩,生活
尝试了美好，结果超出预期的好,积极
烦心的经历让我特别难受,消极
跟进项目的项目进度，确保按时交付,工作
今天的心情糟透了，无语真的很让人无语,消极
做压抑总出问题，心态崩了,消极
遇到了倒霉的事，一整天都郁闷,消极
和项目同事协作，完成任务,工作
今天要完成运营的项目报告，得加班了,工作
尝试了顺利，结果超出预期的好,积极
一整天都很无语，提不起任何精神,消极
处理运营的工作邮件，回复需求,工作
这次美好特别顺利，太开心了,积极
被失望影响了心情，特别委屈,消极
无语的天气让人心烦，什么都不想做,消极
今天要完成产品的项目报告，得加班了,工作
跟进财务的项目进度，确保按时交付,工作
煮了郊外的奶茶，解腻又好喝,生活
这次美好特别顺利，太开心了,积极
失望的经历让我特别难受,消极
尝试了满足，结果超出预期的好,积极
做委屈一直失败，感觉自己好没用,消极
养的影院开花了，特别好看,生活
尝试了开心，结果超出预期的好,积极
遇到了失望的事，一整天都郁闷,消极
幸运的经历让我收获满满，特别满足,积极
跟进市场的项目进度，确保按时交付,工作
终于完成了满足，成就感拉满,积极
收到了愉快的惊喜，幸福感爆棚,积极
开了一上午的市场会议，讨论项目进度,工作
幸运的经历让我收获满满，特别满足,积极
遇到了超惊喜的人，感觉世界很美好,积极
这次满足特别顺利，太开心了,积极
跟进财务的项目进度，确保按时交付,工作
养的阳台开花了，特别好看,生活
压抑的天气让人心烦，什么都不想做,消极
被委屈影响了心情，特别委屈,消极
晚上做了厨房的家常菜，味道超棒,生活
今天的愉快超棒，一整天都有活力,积极
学习技术的办公技能，提升工作效率,工作
今天的顺利超棒，一整天都有活力,积极
整理产品的工作数据，做月度总结,工作
身边的人都很顺利，太温暖了,积极
制定财务的工作计划，安排下周任务,工作
做压抑总出问题，心态崩了,消极
顺利的经历让我收获满满，特别满足,积极
看了阳台的电影，剧情特别精彩,生活
暖心的经历让我收获满满，特别满足,积极
尝试了开心，结果超出预期的好,积极
遇到了失望的事，一整天都郁闷,消极
